id,Feet,Inches,Weight,Exercise per Week,Exercise Time,Read Label,Taste,Price,Nutrition,Presentation,Appearance,Health,Parents Overweight
68968,5,9,150.0,2 to 4 days a week,20 - 30 minutes,Sometime,1,2,3,4,Yes,Yes,No
46998,5,4,160.0,2 to 4 days a week,30 - 40 minutes,Sometime,3,1,4,2,Yes,Yes,Not sure
79024,5,9,150.0,I don't regularly exercise,Over an hour,Not too often,1,2,3,4,Yes,Yes,No
64508,5,5,125.0,5 to 7 days a week,Over an hour,Always,1,2,4,3,Yes,Yes,Yes
85016,5,11,180.0,Once a week,30 - 40 minutes,Often,1,2,4,3,Yes,Yes,No
36853,4,10,105.0,2 to 4 days a week,Over an hour,Not too often,1,2,4,3,Yes,Yes,No
65795,6,10,130.0,2 to 4 days a week,Over an hour,Sometime,1,4,2,3,Yes,Yes,No
47654,5,11,157.0,Once a week,20 - 30 minutes,Sometime,2,4,1,3,Yes,Yes,No
20273,5,8,138.0,I don't regularly exercise,30 - 40 minutes,Not too often,2,1,3,4,Yes,Yes,No
58160,5,4,110.0,Once a week,20 - 30 minutes,Not too often,1,2,4,3,Yes,Yes,No
36036,5,8,125.0,Once a week,40 - 50 minutes,Sometime,1,3,2,4,Yes,Yes,Not sure
27781,5,4,134.0,2 to 4 days a week,10 - 20 minutes,Always,1,2,3,4,Yes,Yes,No
80271,5,8,180.0,2 to 4 days a week,Over an hour,Often,3,2,1,4,Yes,Yes,No
94353,5,9,130.0,Once a week,30 - 40 minutes,Sometime,4,3,2,1,Yes,Yes,No
67021,5,7,110.0,Once a week,30 - 40 minutes,Always,1,4,2,3,Yes,Yes,No
21174,5,5,120.0,2 to 4 days a week,40 - 50 minutes,Sometime,2,3,1,4,Yes,Yes,No
53604,5,9,181.0,2 to 4 days a week,Over an hour,Always,1,3,2,4,Yes,Yes,No
50901,5,10,184.0,5 to 7 days a week,40 - 50 minutes,Often,1,3,2,4,Yes,Yes,Not sure
15752,5,2,126.0,I don't regularly exercise,20 - 30 minutes,Not too often,4,1,2,3,Yes,Yes,Yes
74776,5,8,119.0,Once a week,Over an hour,Never,1,2,3,4,Yes,No,No
70379,5,4,135.0,2 to 4 days a week,40 - 50 minutes,Often,3,2,1,4,Yes,Yes,No
57716,5,0,171.0,Once a week,30 - 40 minutes,Not too often,1,3,4,2,Yes,Yes,No
47811,5,4,120.0,2 to 4 days a week,Over an hour,Often,1,4,3,2,Yes,Yes,No
87674,5,10,154.0,2 to 4 days a week,30 - 40 minutes,Sometime,1,3,4,2,Yes,Yes,No
38283,5,8,154.0,2 to 4 days a week,Over an hour,Often,1,4,2,3,Yes,Yes,No
92132,5,6,110.0,I don't regularly exercise,10 - 20 minutes,Not too often,4,3,2,1,Yes,Yes,No
11388,5,2,110.0,Once a week,Over an hour,Never,2,1,4,3,Yes,Yes,Not sure
04049,5,2,115.0,I don't regularly exercise,20 - 30 minutes,Sometime,1,4,2,3,Yes,Yes,No
06658,5,10,167.0,I don't regularly exercise,40 - 50 minutes,Always,4,1,3,2,Yes,Yes,No
44587,5,2,110.0,Once a week,30 - 40 minutes,Not too often,2,3,1,4,Yes,Yes,No
64197,5,2,127.0,5 to 7 days a week,Over an hour,Always,2,1,3,4,Yes,Yes,Not sure
41110,5,11,190.0,I don't regularly exercise,Over an hour,Often,2,3,1,4,Yes,Yes,No
89659,5,8,170.0,5 to 7 days a week,Over an hour,Often,4,2,3,1,Yes,Yes,No
22029,5,10,160.0,I don't regularly exercise,Over an hour,Not too often,1,3,4,2,Yes,Yes,No
79822,5,8,130.0,2 to 4 days a week,Over an hour,Sometime,4,2,1,3,Yes,Yes,No
55108,5,4,127.0,I don't regularly exercise,20 - 30 minutes,Sometime,1,4,3,2,Yes,Yes,No
08345,6,0,130.0,Once a week,20 - 30 minutes,Not too often,1,3,2,4,Yes,Yes,Not sure
54622,6,2,200.0,5 to 7 days a week,Over an hour,Always,3,2,1,4,Yes,Yes,No
35935,6,0,141.0,2 to 4 days a week,40 - 50 minutes,Often,3,1,2,4,Yes,Yes,No
06908,5,4,130.0,2 to 4 days a week,30 - 40 minutes,Sometime,1,4,2,3,Yes,Yes,No
64114,5,5,165.0,Once a week,30 - 40 minutes,Sometime,3,4,2,1,Yes,Yes,No
81270,5,11,172.0,2 to 4 days a week,Over an hour,Never,2,4,3,1,Yes,Yes,Not sure
06839,5,7,130.0,I don't regularly exercise,20 - 30 minutes,Sometime,1,2,4,3,Yes,Yes,No
49676,5,6,142.0,Once a week,20 - 30 minutes,Always,4,2,1,3,Yes,Yes,No
90311,5,11,160.0,Once a week,20 - 30 minutes,Often,1,4,3,2,Yes,Yes,No
32828,5,3,131.0,2 to 4 days a week,Over an hour,Not too often,1,4,2,3,Yes,Yes,Not sure
22021,5,7,153.0,Once a week,Over an hour,Sometime,4,3,2,1,No,Yes,No
28180,5,0,114.0,2 to 4 days a week,40 - 50 minutes,Not too often,3,2,1,4,Yes,Yes,No
06869,5,10,167.0,5 to 7 days a week,40 - 50 minutes,Never,2,1,4,3,Yes,Yes,No
97773,5,7,135.0,I don't regularly exercise,10 - 20 minutes,Never,1,2,4,3,Yes,No,Yes
95533,5,11,170.0,Once a week,20 - 30 minutes,Often,1,4,2,3,Yes,Yes,No
08798,6,6,175.0,2 to 4 days a week,Over an hour,Sometime,1,3,4,2,Yes,Yes,Yes
18943,5,11,112.0,I don't regularly exercise,Over an hour,Sometime,1,2,4,3,Yes,Yes,Not sure
59727,5,8,135.0,2 to 4 days a week,Over an hour,Sometime,1,3,2,4,Yes,Yes,No
89973,5,8,138.0,5 to 7 days a week,30 - 40 minutes,Sometime,1,2,3,4,Yes,Yes,Yes
93375,6,0,150.0,2 to 4 days a week,40 - 50 minutes,Often,1,3,4,2,Yes,Yes,No
73736,5,11,165.0,Once a week,40 - 50 minutes,Often,4,3,1,2,Yes,Yes,No
69948,5,8,160.0,5 to 7 days a week,Over an hour,Often,2,3,1,4,Yes,Yes,No
06602,5,10,161.0,2 to 4 days a week,Over an hour,Often,4,2,3,1,Yes,Yes,No
42793,5,9,155.0,Once a week,20 - 30 minutes,Not too often,2,4,3,1,Yes,Yes,No
79037,5,8,135.0,I don't regularly exercise,Over an hour,Sometime,2,3,4,1,Yes,Yes,No
88248,5,8,107.0,I don't regularly exercise,30 - 40 minutes,Often,1,4,3,2,Yes,Yes,No
52240,5,7,142.0,5 to 7 days a week,Over an hour,Always,3,2,1,4,Yes,Yes,No
11188,5,2,120.0,I don't regularly exercise,20 - 30 minutes,Often,2,1,3,4,Yes,Yes,No
77905,5,4,125.0,2 to 4 days a week,30 - 40 minutes,Sometime,2,3,1,4,Yes,Yes,No
93006,5,11,180.0,2 to 4 days a week,10 - 20 minutes,Never,1,2,3,4,Yes,Yes,No
49852,6,1,193.0,5 to 7 days a week,Over an hour,Never,1,2,4,3,Yes,Yes,No
18949,5,10,170.0,Once a week,20 - 30 minutes,Never,2,1,3,4,No,Yes,Not sure
47632,6,1,200.0,2 to 4 days a week,40 - 50 minutes,Not too often,2,1,3,4,Yes,Yes,No
77939,5,5,99.0,I don't regularly exercise,40 - 50 minutes,Not too often,4,2,3,1,Yes,Yes,Yes
64772,5,7,132.0,5 to 7 days a week,Over an hour,Not too often,1,3,4,2,Yes,Yes,No
97273,5,5,118.0,2 to 4 days a week,30 - 40 minutes,Sometime,4,1,2,3,Yes,Yes,Not sure
31998,5,4,145.0,2 to 4 days a week,Over an hour,Never,2,4,1,3,Yes,Yes,No
01769,5,9,145.0,2 to 4 days a week,20 - 30 minutes,Often,1,3,2,4,Yes,Yes,Yes
90520,6,2,160.0,I don't regularly exercise,20 - 30 minutes,Sometime,1,2,3,4,Yes,Yes,No
90801,5,5,160.0,I don't regularly exercise,10 - 20 minutes,Sometime,3,4,2,1,Yes,Yes,Not sure
07662,5,11,139.0,5 to 7 days a week,Over an hour,Always,3,1,2,4,Yes,Yes,No
50326,5,6,121.0,I don't regularly exercise,20 - 30 minutes,Often,3,2,1,4,Yes,Yes,No
51254,5,8,140.0,2 to 4 days a week,Over an hour,Often,2,4,1,3,Yes,Yes,Yes
23449,6,1,200.0,2 to 4 days a week,40 - 50 minutes,Sometime,1,2,3,4,Yes,Yes,No
74972,5,11,185.0,I don't regularly exercise,20 - 30 minutes,Not too often,3,4,2,1,Yes,Yes,No
88468,5,10,155.0,2 to 4 days a week,Over an hour,Often,1,3,2,4,Yes,Yes,Yes
47068,5,6,119.0,Once a week,20 - 30 minutes,Not too often,1,2,3,4,Yes,Yes,No
37353,5,7,155.0,Once a week,30 - 40 minutes,Sometime,1,2,4,3,Yes,Yes,No
56815,5,7,140.0,I don't regularly exercise,Over an hour,Often,1,2,4,3,Yes,Yes,No
40612,6,4,195.0,5 to 7 days a week,Over an hour,Sometime,2,3,1,4,Yes,Yes,No
94745,5,5,125.0,2 to 4 days a week,Over an hour,Not too often,1,2,4,3,Yes,Yes,No
33341,5,9,180.0,2 to 4 days a week,Over an hour,Sometime,4,2,1,3,Yes,Yes,Not sure
86265,5,1,98.0,2 to 4 days a week,20 - 30 minutes,Often,1,2,3,4,Yes,Yes,No
86351,5,7,160.0,Once a week,20 - 30 minutes,Never,2,1,4,3,No,Yes,Yes
98896,5,2,112.0,2 to 4 days a week,10 - 20 minutes,Sometime,1,4,3,2,Yes,Yes,Not sure
09831,5,4,155.0,I don't regularly exercise,40 - 50 minutes,Sometime,1,4,3,2,No,Yes,No
81777,5,1,120.0,I don't regularly exercise,40 - 50 minutes,Always,2,3,1,4,Yes,Yes,No
26235,5,10,185.0,5 to 7 days a week,Over an hour,Always,3,2,1,4,Yes,Yes,No
92187,5,6,140.0,2 to 4 days a week,Over an hour,Often,3,2,1,4,Yes,Yes,No
77737,5,10,185.0,2 to 4 days a week,40 - 50 minutes,Always,4,1,3,2,Yes,Yes,Yes
12922,5,8,158.0,2 to 4 days a week,Over an hour,Sometime,4,2,3,1,Yes,Yes,No
54285,5,9,140.0,2 to 4 days a week,30 - 40 minutes,Always,2,3,1,4,Yes,Yes,No
21373,5,5,120.0,I don't regularly exercise,Over an hour,Often,1,3,2,4,Yes,Yes,No
44141,5,7,135.0,2 to 4 days a week,30 - 40 minutes,Not too often,2,4,3,1,Yes,Yes,No
40025,5,7,115.0,I don't regularly exercise,10 - 20 minutes,Sometime,4,2,1,3,No,Yes,Not sure
06941,5,9,139.0,I don't regularly exercise,10 - 20 minutes,Not too often,3,4,1,2,Yes,No,Yes
39763,5,10,175.0,5 to 7 days a week,Over an hour,Sometime,2,1,3,4,Yes,Yes,No
37034,6,0,165.0,Once a week,40 - 50 minutes,Not too often,4,3,2,1,Yes,Yes,No
18684,5,9,170.0,5 to 7 days a week,Over an hour,Never,1,2,3,4,Yes,Yes,No
14238,4,11,130.0,I don't regularly exercise,10 - 20 minutes,Often,2,3,1,4,Yes,Yes,Not sure
96220,5,7,134.0,2 to 4 days a week,20 - 30 minutes,Often,2,4,3,1,Yes,Yes,No
80524,5,8,140.0,Once a week,40 - 50 minutes,Sometime,2,1,3,4,Yes,Yes,Yes
31002,5,6,180.0,Once a week,20 - 30 minutes,Sometime,3,1,2,4,Yes,Yes,No
48124,5,3,93.0,2 to 4 days a week,30 - 40 minutes,Not too often,4,3,1,2,Yes,Yes,No
67062,5,8,170.0,Once a week,10 - 20 minutes,Never,2,4,3,1,Yes,Yes,No
84246,5,9,170.0,5 to 7 days a week,Over an hour,Often,3,2,1,4,Yes,Yes,Yes
65595,6,0,150.0,2 to 4 days a week,40 - 50 minutes,Not too often,1,2,3,4,Yes,Yes,Yes
75678,5,7,134.0,Once a week,20 - 30 minutes,Sometime,1,3,2,4,No,Yes,No
05732,5,5,120.0,2 to 4 days a week,20 - 30 minutes,Sometime,4,3,1,2,Yes,Yes,No
22840,5,4,200.0,I don't regularly exercise,Over an hour,Not too often,1,3,2,4,Yes,Yes,No
80001,5,8,147.0,2 to 4 days a week,Over an hour,Often,1,3,2,4,Yes,Yes,No
27301,5,6,148.0,2 to 4 days a week,20 - 30 minutes,Sometime,1,2,3,4,Yes,Yes,No
00459,6,0,190.0,2 to 4 days a week,Over an hour,Sometime,1,3,2,4,Yes,Yes,No
60163,6,0,120.0,Once a week,20 - 30 minutes,Sometime,3,1,2,4,Yes,Yes,No
12899,5,6,170.0,Once a week,40 - 50 minutes,Not too often,2,1,4,3,Yes,No,No
78474,5,9,154.0,I don't regularly exercise,40 - 50 minutes,Not too often,2,3,1,4,Yes,Yes,No
78299,5,0,109.0,2 to 4 days a week,30 - 40 minutes,Sometime,4,2,3,1,Yes,Yes,No
61082,5,5,120.0,I don't regularly exercise,20 - 30 minutes,Often,3,2,1,4,Yes,Yes,No
88527,5,9,198.0,5 to 7 days a week,Over an hour,Often,2,3,1,4,Yes,Yes,No
06702,6,0,166.0,5 to 7 days a week,Over an hour,Always,2,4,1,3,Yes,Yes,Not sure
27772,5,3,109.0,5 to 7 days a week,40 - 50 minutes,Sometime,4,3,1,2,Yes,Yes,No
41402,6,4,195.0,2 to 4 days a week,30 - 40 minutes,Not too often,1,4,2,3,No,Yes,Yes
06215,5,9,135.0,2 to 4 days a week,20 - 30 minutes,Sometime,1,2,3,4,Yes,Yes,Not sure
13928,5,6,145.0,2 to 4 days a week,Over an hour,Always,1,4,2,3,Yes,Yes,No
38537,5,8,160.0,5 to 7 days a week,Over an hour,Never,4,1,3,2,Yes,No,No
46291,5,6,120.0,I don't regularly exercise,40 - 50 minutes,Not too often,2,1,4,3,Yes,Yes,Not sure
84269,5,5,146.0,Once a week,20 - 30 minutes,Often,1,3,2,4,Yes,Yes,Yes
84662,5,6,138.0,I don't regularly exercise,40 - 50 minutes,Sometime,1,2,3,4,Yes,Yes,No
64280,5,7,152.0,I don't regularly exercise,20 - 30 minutes,Sometime,2,1,3,4,No,Yes,Not sure
47060,5,9,170.0,I don't regularly exercise,Over an hour,Often,1,2,3,4,Yes,Yes,No
55393,5,3,145.0,I don't regularly exercise,30 - 40 minutes,Not too often,1,2,4,3,Yes,Yes,No
71018,5,6,127.0,2 to 4 days a week,10 - 20 minutes,Always,1,3,4,2,Yes,Yes,Yes
67812,5,4,140.0,2 to 4 days a week,40 - 50 minutes,Sometime,3,2,1,4,Yes,Yes,No
75193,5,0,110.0,5 to 7 days a week,40 - 50 minutes,Sometime,3,4,2,1,Yes,Yes,No
53003,5,5,112.0,2 to 4 days a week,30 - 40 minutes,Sometime,4,1,3,2,Yes,Yes,No
82224,5,3,165.0,I don't regularly exercise,40 - 50 minutes,Sometime,3,4,2,1,Yes,Yes,Yes
52299,5,11,170.0,2 to 4 days a week,30 - 40 minutes,Always,3,2,1,4,Yes,Yes,No
76799,5,2,110.0,2 to 4 days a week,20 - 30 minutes,Often,2,1,3,4,Yes,Yes,No
73733,5,10,150.0,2 to 4 days a week,40 - 50 minutes,Often,1,4,2,3,Yes,Yes,No
28120,5,2,132.0,Once a week,20 - 30 minutes,Always,1,3,2,4,Yes,Yes,No
29335,5,10,140.0,I don't regularly exercise,30 - 40 minutes,Not too often,1,2,4,3,Yes,Yes,No
24617,5,8,190.0,2 to 4 days a week,Over an hour,Sometime,1,3,2,4,Yes,Yes,Yes
83106,6,0,160.0,I don't regularly exercise,10 - 20 minutes,Never,4,3,1,2,Yes,Yes,No
81517,5,7,151.0,2 to 4 days a week,Over an hour,Never,4,1,2,3,Yes,Yes,Yes
82331,6,0,160.0,2 to 4 days a week,Over an hour,Sometime,1,4,3,2,Yes,Yes,No
34057,5,1,117.0,I don't regularly exercise,20 - 30 minutes,Never,2,4,1,3,Yes,No,Yes
07551,5,7,135.0,Once a week,Over an hour,Sometime,1,2,3,4,Yes,No,No
83538,6,0,160.0,2 to 4 days a week,Over an hour,Never,1,3,2,4,Yes,Yes,No
88796,5,10,165.0,2 to 4 days a week,30 - 40 minutes,Often,1,3,2,4,Yes,Yes,No
66297,5,5,115.0,2 to 4 days a week,30 - 40 minutes,Not too often,1,2,3,4,Yes,Yes,No
66383,5,7,165.0,5 to 7 days a week,Over an hour,Often,1,2,3,4,Yes,Yes,No
59951,6,11,180.0,2 to 4 days a week,30 - 40 minutes,Not too often,1,2,4,3,Yes,Yes,Yes
36746,5,4,127.0,2 to 4 days a week,40 - 50 minutes,Often,2,4,3,1,Yes,Yes,Yes
65026,5,3,112.0,2 to 4 days a week,30 - 40 minutes,Sometime,1,4,2,3,Yes,Yes,No
95188,5,3,157.0,2 to 4 days a week,Over an hour,Often,4,3,1,2,Yes,Yes,No
71766,5,5,111.0,2 to 4 days a week,Over an hour,Always,2,3,1,4,Yes,Yes,Yes
33525,5,1,90.0,Once a week,30 - 40 minutes,Not too often,1,4,2,3,Yes,Yes,Yes
79631,5,8,156.0,2 to 4 days a week,Over an hour,Sometime,4,3,1,2,Yes,Yes,No
50626,5,0,175.0,I don't regularly exercise,40 - 50 minutes,Not too often,1,2,3,4,Yes,Yes,No
15636,5,7,131.0,I don't regularly exercise,20 - 30 minutes,Sometime,4,3,2,1,Yes,Yes,No
42206,4,10,155.0,I don't regularly exercise,30 - 40 minutes,Sometime,1,3,2,4,Yes,Yes,Yes
90814,5,4,101.0,I don't regularly exercise,30 - 40 minutes,Not too often,4,3,2,1,Yes,No,No
42116,5,3,116.0,5 to 7 days a week,Over an hour,Often,1,4,2,3,Yes,Yes,Yes
18325,5,2,115.0,5 to 7 days a week,40 - 50 minutes,Often,1,4,2,3,Yes,Yes,No
46404,6,3,200.0,2 to 4 days a week,Over an hour,Often,3,2,1,4,Yes,Yes,No
27766,5,2,105.0,2 to 4 days a week,30 - 40 minutes,Always,1,2,3,4,Yes,Yes,No
23811,5,7,135.0,I don't regularly exercise,Over an hour,Often,3,4,1,2,Yes,Yes,Not sure
46621,5,3,130.0,Once a week,30 - 40 minutes,Not too often,1,2,3,4,Yes,Yes,No
27693,5,1,125.0,2 to 4 days a week,Over an hour,Often,2,1,4,3,Yes,Yes,Not sure
96922,5,4,130.0,2 to 4 days a week,20 - 30 minutes,Often,4,3,1,2,Yes,Yes,No
52840,5,6,160.0,5 to 7 days a week,30 - 40 minutes,Often,2,1,4,3,Yes,Yes,No
45659,5,7,140.0,2 to 4 days a week,Over an hour,Sometime,4,3,1,2,Yes,Yes,No
65504,5,5,143.0,2 to 4 days a week,Over an hour,Sometime,1,3,2,4,Yes,Yes,Not sure
51747,5,4,130.0,2 to 4 days a week,30 - 40 minutes,Not too often,1,2,4,3,Yes,Yes,No
54590,5,11,165.0,2 to 4 days a week,Over an hour,Sometime,1,2,3,4,Yes,Yes,No
68609,5,2,98.0,I don't regularly exercise,20 - 30 minutes,Never,4,2,1,3,Yes,Yes,Yes
72416,5,5,55.0,I don't regularly exercise,10 - 20 minutes,Not too often,1,2,4,3,Yes,Yes,No
59118,5,6,140.0,2 to 4 days a week,Over an hour,Sometime,2,1,4,3,Yes,Yes,No
57554,5,2,150.0,2 to 4 days a week,Over an hour,Sometime,2,1,3,4,Yes,Yes,Yes
24114,5,8,125.0,Once a week,20 - 30 minutes,Sometime,1,4,3,2,Yes,Yes,No
60999,5,4,130.0,2 to 4 days a week,20 - 30 minutes,Sometime,1,3,2,4,Yes,Yes,No
62302,5,8,150.0,Once a week,Over an hour,Sometime,1,3,2,4,Yes,Yes,No
87959,5,11,114.0,5 to 7 days a week,Over an hour,Sometime,1,3,2,4,Yes,Yes,No
67436,5,4,125.0,2 to 4 days a week,Over an hour,Always,3,2,4,1,Yes,Yes,Yes
60400,5,2,150.0,I don't regularly exercise,20 - 30 minutes,Often,4,2,3,1,Yes,Yes,Yes
55327,5,11,175.0,5 to 7 days a week,Over an hour,Not too often,1,2,4,3,Yes,Yes,No
63204,6,0,145.0,I don't regularly exercise,20 - 30 minutes,Not too often,1,3,2,4,Yes,Yes,Not sure
63559,5,10,148.0,5 to 7 days a week,30 - 40 minutes,Often,1,3,2,4,Yes,Yes,Yes
74674,5,10,160.0,2 to 4 days a week,Over an hour,Not too often,1,2,3,4,Yes,Yes,No
25156,4,10,126.0,5 to 7 days a week,30 - 40 minutes,Often,1,3,2,4,Yes,Yes,Yes
64131,5,0,105.0,2 to 4 days a week,Over an hour,Often,2,1,4,3,Yes,Yes,No
67230,5,4,112.0,I don't regularly exercise,20 - 30 minutes,Sometime,2,1,3,4,Yes,Yes,No
70694,5,5,150.0,I don't regularly exercise,30 - 40 minutes,Never,4,3,1,2,Yes,No,Not sure
77115,5,7,137.0,2 to 4 days a week,Over an hour,Often,4,1,2,3,Yes,Yes,No
82731,5,10,150.0,2 to 4 days a week,30 - 40 minutes,Often,1,3,2,4,Yes,Yes,No
09091,5,9,163.0,2 to 4 days a week,Over an hour,Always,2,1,3,4,Yes,Yes,No
77620,5,7,150.0,2 to 4 days a week,20 - 30 minutes,Sometime,4,2,3,1,No,Yes,No
93246,6,0,114.0,I don't regularly exercise,10 - 20 minutes,Not too often,1,2,3,4,Yes,Yes,No
97598,5,8,125.0,2 to 4 days a week,Over an hour,Sometime,1,2,4,3,Yes,Yes,No
17522,5,5,120.0,Once a week,30 - 40 minutes,Not too often,2,1,3,4,Yes,Yes,No
00781,5,9,140.0,2 to 4 days a week,Over an hour,Not too often,1,2,3,4,Yes,Yes,No
79674,4,10,148.0,Once a week,30 - 40 minutes,Never,2,4,3,1,Yes,Yes,No
64605,5,9,170.0,2 to 4 days a week,Over an hour,Never,1,2,4,3,Yes,Yes,No
40065,5,0,132.0,I don't regularly exercise,Over an hour,Sometime,1,2,3,4,No,No,No
12907,5,8,150.0,2 to 4 days a week,Over an hour,Often,2,4,1,3,Yes,Yes,No
11101,5,7,150.0,2 to 4 days a week,40 - 50 minutes,Often,2,1,4,3,Yes,Yes,No
63646,5,6,96.0,I don't regularly exercise,10 - 20 minutes,Sometime,1,2,3,4,No,No,No
13004,5,4,115.0,2 to 4 days a week,Over an hour,Not too often,4,3,1,2,Yes,Yes,No
24120,5,2,115.0,2 to 4 days a week,40 - 50 minutes,Never,2,1,4,3,Yes,Yes,Not sure
20883,5,1,150.0,I don't regularly exercise,30 - 40 minutes,Never,2,1,3,4,Yes,Yes,No
83600,5,6,180.0,5 to 7 days a week,40 - 50 minutes,Sometime,2,1,4,3,Yes,Yes,No
38051,5,4,126.0,2 to 4 days a week,40 - 50 minutes,Never,2,1,3,4,Yes,Yes,No
27332,5,3,135.0,2 to 4 days a week,Over an hour,Often,2,3,1,4,Yes,Yes,No
93666,5,11,178.0,2 to 4 days a week,Over an hour,Sometime,1,2,3,4,Yes,Yes,No
80126,5,2,100.0,2 to 4 days a week,Over an hour,Sometime,4,1,2,3,Yes,Yes,No
05869,5,6,160.0,2 to 4 days a week,20 - 30 minutes,Sometime,1,2,3,4,Yes,Yes,Not sure
22750,5,5,120.0,I don't regularly exercise,Over an hour,Sometime,2,1,4,3,No,No,Yes
42676,5,1,130.0,2 to 4 days a week,Over an hour,Often,4,1,3,2,Yes,Yes,Yes
53107,5,5,105.0,I don't regularly exercise,20 - 30 minutes,Not too often,1,3,2,4,No,Yes,No
67988,5,2,150.0,Once a week,30 - 40 minutes,Sometime,4,1,3,2,Yes,Yes,Yes
92996,6,0,192.0,5 to 7 days a week,40 - 50 minutes,Often,2,4,1,3,Yes,Yes,No
14801,6,2,165.0,2 to 4 days a week,40 - 50 minutes,Sometime,1,4,2,3,Yes,Yes,No
81040,5,9,160.0,Once a week,30 - 40 minutes,Often,3,1,2,4,Yes,Yes,No
80692,5,9,140.0,5 to 7 days a week,20 - 30 minutes,Always,1,3,2,4,Yes,Yes,No
73291,5,2,140.0,Once a week,40 - 50 minutes,Sometime,1,2,3,4,Yes,Yes,No
35617,5,3,110.0,2 to 4 days a week,Over an hour,Often,3,1,4,2,Yes,Yes,No
79544,5,5,140.0,Once a week,40 - 50 minutes,Sometime,3,2,1,4,Yes,Yes,No
10676,5,1,130.0,2 to 4 days a week,Over an hour,Often,1,2,4,3,Yes,Yes,Yes
43256,6,0,140.0,Once a week,30 - 40 minutes,Sometime,1,4,2,3,Yes,Yes,No
82872,5,9,142.0,5 to 7 days a week,Over an hour,Never,1,4,2,3,Yes,Yes,No
85308,5,11,195.0,2 to 4 days a week,Over an hour,Never,1,2,3,4,Yes,Yes,No
03071,5,8,151.0,5 to 7 days a week,Over an hour,Always,1,3,2,4,Yes,Yes,No
03727,5,7,147.0,5 to 7 days a week,30 - 40 minutes,Often,2,1,3,4,Yes,Yes,Not sure
46941,5,10,129.0,I don't regularly exercise,10 - 20 minutes,Sometime,1,2,3,4,Yes,Yes,No
23734,6,2,160.0,2 to 4 days a week,30 - 40 minutes,Sometime,3,2,1,4,Yes,Yes,Yes
84462,5,3,115.0,I don't regularly exercise,20 - 30 minutes,Not too often,1,4,3,2,Yes,Yes,No
18756,5,10,140.0,I don't regularly exercise,20 - 30 minutes,Sometime,3,2,1,4,Yes,Yes,Yes
76194,5,4,130.0,2 to 4 days a week,Over an hour,Often,3,2,1,4,Yes,Yes,No
08375,5,3,105.0,I don't regularly exercise,40 - 50 minutes,Always,4,2,3,1,Yes,Yes,No
72291,5,1,152.0,Once a week,20 - 30 minutes,Often,1,3,4,2,Yes,Yes,Not sure
11443,5,0,130.0,2 to 4 days a week,Over an hour,Always,3,4,1,2,No,Yes,Not sure
20127,5,6,110.0,I don't regularly exercise,Over an hour,Not too often,3,4,1,2,No,Yes,No
47005,5,5,155.0,I don't regularly exercise,20 - 30 minutes,Not too often,2,1,4,3,Yes,Yes,No
28819,5,6,135.0,I don't regularly exercise,20 - 30 minutes,Not too often,1,2,4,3,Yes,Yes,No
49994,5,4,145.0,2 to 4 days a week,40 - 50 minutes,Never,3,4,2,1,Yes,Yes,Yes
71312,6,0,188.0,5 to 7 days a week,30 - 40 minutes,Often,1,3,2,4,Yes,Yes,Yes
93014,6,6,122.0,Once a week,30 - 40 minutes,Sometime,1,3,2,4,Yes,Yes,No
71498,5,7,130.0,Once a week,Over an hour,Never,1,2,4,3,Yes,Yes,No
00554,5,5,120.0,2 to 4 days a week,40 - 50 minutes,Not too often,1,4,2,3,Yes,Yes,No
49288,5,6,130.0,2 to 4 days a week,30 - 40 minutes,Sometime,4,1,3,2,Yes,Yes,No
96161,5,2,114.0,2 to 4 days a week,Over an hour,Often,1,2,3,4,Yes,Yes,Not sure
90811,5,10,145.0,5 to 7 days a week,Over an hour,Often,4,3,2,1,Yes,Yes,No
18564,5,4,121.0,2 to 4 days a week,40 - 50 minutes,Not too often,4,3,2,1,Yes,Yes,No
06355,5,10,160.0,Once a week,40 - 50 minutes,Not too often,3,4,2,1,Yes,Yes,Yes
47206,5,10,175.0,2 to 4 days a week,Over an hour,Often,1,4,2,3,Yes,Yes,Not sure
08345,6,0,145.0,Once a week,30 - 40 minutes,Sometime,1,2,3,4,Yes,Yes,Yes
27453,5,4,110.0,Once a week,Over an hour,Not too often,1,2,3,4,Yes,Yes,Yes
79870,5,5,118.0,I don't regularly exercise,30 - 40 minutes,Sometime,4,1,3,2,Yes,Yes,No
85130,5,4,102.0,I don't regularly exercise,10 - 20 minutes,Sometime,1,2,3,4,Yes,Yes,Not sure
56568,5,8,150.0,2 to 4 days a week,40 - 50 minutes,Never,3,4,1,2,Yes,Yes,No
03573,5,3,103.0,I don't regularly exercise,10 - 20 minutes,Sometime,4,3,2,1,Yes,Yes,No
09930,5,4,185.0,2 to 4 days a week,40 - 50 minutes,Never,2,1,4,3,Yes,Yes,Yes
67126,5,2,94.0,Once a week,30 - 40 minutes,Sometime,4,3,2,1,Yes,Yes,No
77729,5,3,115.0,I don't regularly exercise,30 - 40 minutes,Not too often,1,2,4,3,Yes,Yes,No
65678,5,11,135.0,I don't regularly exercise,10 - 20 minutes,Always,2,3,1,4,Yes,Yes,No
16954,5,3,132.0,Once a week,20 - 30 minutes,Sometime,2,1,4,3,Yes,Yes,No
32146,5,8,138.0,2 to 4 days a week,40 - 50 minutes,Not too often,1,3,2,4,Yes,Yes,No
48665,4,5,130.0,2 to 4 days a week,Over an hour,Always,4,3,1,2,Yes,Yes,Yes
91360,5,5,102.0,Once a week,30 - 40 minutes,Not too often,4,3,1,2,Yes,Yes,No
90317,5,3,120.0,I don't regularly exercise,20 - 30 minutes,Not too often,1,2,3,4,Yes,Yes,Yes
04883,5,11,155.0,Once a week,30 - 40 minutes,Sometime,2,1,4,3,Yes,Yes,No
44294,5,10,150.0,Once a week,Over an hour,Always,3,1,2,4,Yes,Yes,No
57737,5,2,120.0,I don't regularly exercise,20 - 30 minutes,Not too often,1,2,3,4,Yes,Yes,No
65143,5,6,170.0,2 to 4 days a week,30 - 40 minutes,Sometime,1,4,3,2,Yes,Yes,Not sure
60392,5,6,123.0,2 to 4 days a week,20 - 30 minutes,Often,2,3,4,1,Yes,Yes,No
02074,5,11,183.0,2 to 4 days a week,30 - 40 minutes,Always,3,1,2,4,Yes,Yes,Not sure
45006,6,8,150.0,2 to 4 days a week,Over an hour,Sometime,4,1,3,2,Yes,Yes,No
27967,5,2,120.0,I don't regularly exercise,30 - 40 minutes,Not too often,1,2,3,4,Yes,Yes,No
01365,5,8,165.0,5 to 7 days a week,40 - 50 minutes,Never,1,3,2,4,Yes,Yes,Yes
01430,5,8,140.0,2 to 4 days a week,20 - 30 minutes,Sometime,1,3,2,4,Yes,Yes,Yes
27732,5,2,133.0,I don't regularly exercise,20 - 30 minutes,Not too often,1,2,4,3,Yes,Yes,No
31909,5,2,114.0,2 to 4 days a week,40 - 50 minutes,Sometime,2,1,3,4,Yes,Yes,No
15172,5,5,135.0,I don't regularly exercise,Over an hour,Often,2,4,1,3,Yes,Yes,No
32905,5,6,112.0,2 to 4 days a week,Over an hour,Sometime,1,4,2,3,Yes,Yes,No
57897,5,3,110.0,I don't regularly exercise,10 - 20 minutes,Never,1,3,2,4,Yes,Yes,Yes
95714,5,7,150.0,2 to 4 days a week,40 - 50 minutes,Sometime,2,1,3,4,Yes,Yes,No
36426,5,6,118.0,I don't regularly exercise,20 - 30 minutes,Not too often,1,2,4,3,Yes,Yes,No
73136,5,8,187.0,I don't regularly exercise,30 - 40 minutes,Often,2,1,3,4,Yes,Yes,No
85795,4,11,94.0,Once a week,20 - 30 minutes,Sometime,2,4,3,1,No,Yes,No
12370,5,10,130.0,2 to 4 days a week,20 - 30 minutes,Not too often,3,4,1,2,Yes,Yes,No
48689,5,7,157.0,2 to 4 days a week,10 - 20 minutes,Not too often,3,1,2,4,Yes,Yes,No
71233,5,4,180.0,I don't regularly exercise,40 - 50 minutes,Not too often,2,1,4,3,Yes,Yes,No
97795,5,10,125.0,Once a week,40 - 50 minutes,Never,1,2,4,3,Yes,Yes,No
37599,5,4,124.0,2 to 4 days a week,Over an hour,Not too often,2,1,3,4,Yes,Yes,No
21832,5,10,170.0,5 to 7 days a week,Over an hour,Sometime,1,3,2,4,Yes,Yes,No
70351,4,8,110.0,2 to 4 days a week,Over an hour,Not too often,2,1,3,4,Yes,Yes,Yes
20754,5,10,135.0,2 to 4 days a week,40 - 50 minutes,Sometime,4,2,1,3,Yes,Yes,No
63233,6,2,182.0,2 to 4 days a week,40 - 50 minutes,Often,1,2,3,4,Yes,Yes,Not sure
64160,5,9,160.0,5 to 7 days a week,Over an hour,Often,2,1,3,4,Yes,Yes,No
53665,5,5,128.0,Once a week,Over an hour,Never,3,2,1,4,Yes,Yes,No
57289,5,5,145.0,Once a week,30 - 40 minutes,Sometime,1,3,2,4,Yes,Yes,No
71906,5,2,160.0,Once a week,30 - 40 minutes,Not too often,2,1,3,4,Yes,Yes,No
19748,5,10,170.0,2 to 4 days a week,Over an hour,Sometime,1,3,2,4,Yes,Yes,No
11342,6,1,175.0,2 to 4 days a week,30 - 40 minutes,Never,1,2,3,4,Yes,Yes,No
49859,5,3,107.0,I don't regularly exercise,20 - 30 minutes,Not too often,1,3,4,2,Yes,Yes,No
59806,5,3,150.0,2 to 4 days a week,Over an hour,Sometime,4,2,3,1,Yes,Yes,Yes
10805,5,9,180.0,I don't regularly exercise,20 - 30 minutes,Sometime,3,2,1,4,Yes,Yes,No
91465,5,3,110.0,I don't regularly exercise,30 - 40 minutes,Not too often,1,2,4,3,Yes,Yes,No
69676,5,7,170.0,Once a week,Over an hour,Sometime,1,3,2,4,Yes,Yes,Yes
93963,5,7,124.0,5 to 7 days a week,Over an hour,Often,2,1,4,3,No,Yes,No
60163,5,11,120.0,I don't regularly exercise,20 - 30 minutes,Sometime,3,2,4,1,Yes,Yes,No
11506,5,11,170.0,Once a week,Over an hour,Sometime,1,4,3,2,Yes,Yes,No
37334,5,6,115.0,I don't regularly exercise,30 - 40 minutes,Not too often,3,1,2,4,Yes,Yes,No
87494,5,7,154.0,Once a week,Over an hour,Always,4,1,3,2,Yes,Yes,No
98748,5,1,135.0,2 to 4 days a week,Over an hour,Not too often,4,1,3,2,Yes,Yes,Yes
10358,6,0,170.0,2 to 4 days a week,Over an hour,Often,1,3,2,4,Yes,Yes,No
20075,5,3,110.0,Once a week,Over an hour,Sometime,1,2,4,3,Yes,No,Not sure
86191,5,11,165.0,Once a week,Over an hour,Sometime,1,4,3,2,Yes,Yes,No
81914,5,4,123.0,2 to 4 days a week,10 - 20 minutes,Often,1,3,2,4,Yes,Yes,No
86978,5,7,145.0,5 to 7 days a week,Over an hour,Not too often,1,3,2,4,Yes,Yes,Yes
96952,5,2,103.0,I don't regularly exercise,10 - 20 minutes,Never,2,1,3,4,Yes,Yes,No
79197,5,5,115.0,2 to 4 days a week,30 - 40 minutes,Often,4,2,3,1,Yes,Yes,No
84992,5,1,97.0,I don't regularly exercise,40 - 50 minutes,Sometime,1,4,2,3,Yes,Yes,No
10005,5,5,165.0,Once a week,Over an hour,Not too often,4,2,1,3,Yes,Yes,Yes
82238,5,10,170.0,Once a week,30 - 40 minutes,Often,1,4,2,3,Yes,Yes,No
34241,5,6,125.0,I don't regularly exercise,10 - 20 minutes,Often,4,2,3,1,Yes,Yes,No
20114,5,7,132.0,2 to 4 days a week,40 - 50 minutes,Often,3,1,2,4,Yes,Yes,No
66137,5,4,132.0,2 to 4 days a week,20 - 30 minutes,Sometime,2,3,1,4,Yes,Yes,No
08407,5,9,135.0,I don't regularly exercise,20 - 30 minutes,Not too often,3,2,4,1,Yes,Yes,No
05505,5,4,115.0,Once a week,10 - 20 minutes,Not too often,2,1,3,4,Yes,Yes,No
57760,5,8,113.0,I don't regularly exercise,10 - 20 minutes,Often,3,1,2,4,Yes,Yes,No
40867,5,8,150.0,Once a week,10 - 20 minutes,Never,2,4,3,1,Yes,Yes,No
12295,5,2,130.0,2 to 4 days a week,Over an hour,Not too often,2,1,3,4,Yes,Yes,No
17563,5,2,120.0,2 to 4 days a week,Over an hour,Often,1,3,2,4,Yes,Yes,No
66695,5,6,122.0,Once a week,20 - 30 minutes,Sometime,2,1,3,4,Yes,Yes,No
66747,5,5,112.0,I don't regularly exercise,10 - 20 minutes,Sometime,1,2,3,4,Yes,Yes,No
45603,5,2,105.0,I don't regularly exercise,30 - 40 minutes,Sometime,2,1,4,3,Yes,Yes,No
35125,5,9,175.0,5 to 7 days a week,Over an hour,Always,2,3,1,4,Yes,Yes,No
70252,5,3,130.0,2 to 4 days a week,Over an hour,Sometime,1,4,2,3,Yes,Yes,Not sure
34850,6,0,180.0,Once a week,Over an hour,Never,2,1,4,3,Yes,Yes,No
92254,5,4,160.0,5 to 7 days a week,Over an hour,Often,4,3,2,1,Yes,Yes,Yes
95728,6,0,170.0,2 to 4 days a week,30 - 40 minutes,Always,3,1,2,4,Yes,Yes,No
06724,5,3,112.0,I don't regularly exercise,10 - 20 minutes,Not too often,1,3,2,4,Yes,Yes,No
91655,5,8,122.0,I don't regularly exercise,20 - 30 minutes,Never,2,1,4,3,Yes,No,No
91171,5,9,144.0,2 to 4 days a week,Over an hour,Sometime,2,1,3,4,Yes,Yes,Not sure
83015,5,3,130.0,2 to 4 days a week,40 - 50 minutes,Sometime,4,3,2,1,No,Yes,No
02971,6,3,180.0,Once a week,Over an hour,Always,2,3,1,4,Yes,Yes,No
91297,5,9,160.0,Once a week,30 - 40 minutes,Often,2,1,3,4,Yes,Yes,Not sure
90495,5,1,105.0,Once a week,30 - 40 minutes,Sometime,4,1,3,2,Yes,Yes,Not sure
46222,5,9,130.0,I don't regularly exercise,Over an hour,Not too often,2,1,3,4,Yes,No,No
96692,5,8,122.0,2 to 4 days a week,10 - 20 minutes,Sometime,1,2,4,3,Yes,Yes,No
83891,5,4,90.0,Once a week,40 - 50 minutes,Not too often,3,1,4,2,Yes,Yes,No
72945,5,11,185.0,Once a week,40 - 50 minutes,Never,2,1,3,4,Yes,Yes,No
47183,5,5,160.0,2 to 4 days a week,40 - 50 minutes,Sometime,3,4,1,2,Yes,Yes,Not sure
94696,6,0,200.0,I don't regularly exercise,20 - 30 minutes,Sometime,2,1,3,4,No,No,No
31285,5,7,140.0,I don't regularly exercise,40 - 50 minutes,Sometime,4,1,2,3,Yes,Yes,Not sure
46144,5,2,110.0,2 to 4 days a week,20 - 30 minutes,Sometime,1,4,3,2,Yes,Yes,No
34213,5,0,140.0,2 to 4 days a week,Over an hour,Not too often,2,1,3,4,Yes,Yes,No
63324,5,7,140.0,2 to 4 days a week,Over an hour,Always,3,2,1,4,Yes,Yes,No
74043,5,11,170.0,Once a week,20 - 30 minutes,Sometime,3,1,2,4,No,Yes,No
68370,5,11,160.0,2 to 4 days a week,Over an hour,Sometime,3,1,2,4,Yes,Yes,No
40931,5,9,175.0,2 to 4 days a week,Over an hour,Not too often,1,4,2,3,Yes,Yes,No
00432,5,8,30.0,Once a week,20 - 30 minutes,Sometime,2,1,4,3,Yes,Yes,Yes
39105,5,1,115.0,I don't regularly exercise,Over an hour,Never,1,2,4,3,Yes,Yes,No
77898,5,4,140.0,Once a week,40 - 50 minutes,Sometime,3,2,4,1,Yes,Yes,No
62387,5,3,150.0,2 to 4 days a week,40 - 50 minutes,Often,4,2,3,1,Yes,Yes,No
91480,5,6,140.0,Once a week,30 - 40 minutes,Sometime,1,2,3,4,Yes,Yes,No
38920,5,2,105.0,Once a week,20 - 30 minutes,Sometime,1,4,2,3,Yes,Yes,Not sure
96358,5,5,128.0,I don't regularly exercise,10 - 20 minutes,Not too often,2,1,4,3,Yes,Yes,No
21049,5,5,130.0,5 to 7 days a week,Over an hour,Always,3,2,4,1,Yes,Yes,No
16643,5,11,160.0,I don't regularly exercise,10 - 20 minutes,Never,1,3,4,2,Yes,Yes,Yes
02818,6,0,172.0,I don't regularly exercise,20 - 30 minutes,Sometime,1,2,4,3,Yes,Yes,No
37037,5,9,135.0,2 to 4 days a week,40 - 50 minutes,Often,2,1,3,4,Yes,Yes,No
59402,5,4,122.0,2 to 4 days a week,40 - 50 minutes,Often,3,2,4,1,Yes,Yes,No
33758,5,6,145.0,I don't regularly exercise,10 - 20 minutes,Never,2,1,4,3,Yes,Yes,Yes
60174,5,5,125.0,2 to 4 days a week,20 - 30 minutes,Always,2,1,3,4,Yes,Yes,Not sure
92409,5,6,155.0,Once a week,20 - 30 minutes,Often,3,1,4,2,No,Yes,No
89707,5,10,115.0,I don't regularly exercise,Over an hour,Not too often,2,1,3,4,No,Yes,No
83145,5,7,130.0,2 to 4 days a week,Over an hour,Not too often,3,2,1,4,Yes,Yes,No
83469,5,11,150.0,2 to 4 days a week,40 - 50 minutes,Always,2,3,1,4,No,Yes,No
95201,5,5,134.0,I don't regularly exercise,Over an hour,Not too often,4,3,1,2,Yes,Yes,No
95914,5,8,165.0,I don't regularly exercise,Over an hour,Often,3,1,2,4,Yes,Yes,Not sure
41728,6,0,166.0,5 to 7 days a week,40 - 50 minutes,Not too often,4,3,2,1,Yes,Yes,No
00616,5,4,166.0,Once a week,40 - 50 minutes,Sometime,1,2,3,4,Yes,Yes,Yes
87078,5,5,95.0,I don't regularly exercise,10 - 20 minutes,Never,1,2,3,4,Yes,No,No
90813,5,2,110.0,I don't regularly exercise,Over an hour,Not too often,2,1,3,4,Yes,Yes,No
36613,5,9,130.0,2 to 4 days a week,40 - 50 minutes,Not too often,2,1,3,4,Yes,Yes,No
99992,5,5,149.0,Once a week,Over an hour,Not too often,1,2,3,4,Yes,Yes,No
86864,5,0,130.0,2 to 4 days a week,Over an hour,Always,2,4,3,1,Yes,Yes,Not sure
25429,5,3,140.0,2 to 4 days a week,Over an hour,Always,2,3,1,4,Yes,Yes,No
88002,5,5,100.0,I don't regularly exercise,10 - 20 minutes,Always,1,4,2,3,Yes,Yes,No
46500,5,10,132.0,2 to 4 days a week,Over an hour,Sometime,4,1,3,2,No,Yes,No
86727,5,3,146.0,I don't regularly exercise,40 - 50 minutes,Sometime,1,2,3,4,Yes,Yes,Yes
98766,6,10,152.0,2 to 4 days a week,Over an hour,Often,2,1,3,4,Yes,Yes,No
09805,5,10,177.0,5 to 7 days a week,Over an hour,Always,1,2,3,4,Yes,Yes,No
84727,5,8,135.0,2 to 4 days a week,Over an hour,Often,2,3,1,4,Yes,Yes,No
32556,5,7,144.0,Once a week,30 - 40 minutes,Often,1,2,3,4,Yes,No,No
92214,5,8,120.0,Once a week,Over an hour,Never,1,2,4,3,Yes,Yes,No
84235,5,2,112.0,I don't regularly exercise,Over an hour,Sometime,1,2,4,3,Yes,Yes,No
92332,5,5,154.0,2 to 4 days a week,Over an hour,Sometime,3,1,4,2,Yes,Yes,No
94646,5,1,115.0,I don't regularly exercise,20 - 30 minutes,Never,1,2,4,3,Yes,No,No
23149,6,0,175.0,5 to 7 days a week,Over an hour,Often,2,3,1,4,Yes,Yes,Yes
07547,5,6,165.0,2 to 4 days a week,Over an hour,Often,2,1,3,4,Yes,Yes,Yes
00751,6,5,132.0,2 to 4 days a week,40 - 50 minutes,Often,1,4,3,2,Yes,Yes,No
55394,6,1,200.0,2 to 4 days a week,30 - 40 minutes,Not too often,2,1,4,3,Yes,Yes,No
40289,5,7,159.0,2 to 4 days a week,20 - 30 minutes,Never,1,2,4,3,Yes,Yes,No
24771,5,1,100.0,Once a week,20 - 30 minutes,Not too often,1,3,2,4,Yes,Yes,No
77581,5,6,135.0,2 to 4 days a week,Over an hour,Often,2,1,3,4,Yes,Yes,Yes
26141,5,7,140.0,Once a week,20 - 30 minutes,Always,3,1,2,4,Yes,Yes,No
35357,6,0,166.0,5 to 7 days a week,Over an hour,Always,4,3,1,2,Yes,Yes,Yes
00638,5,2,130.0,Once a week,20 - 30 minutes,Sometime,1,3,2,4,Yes,Yes,No
75405,6,0,180.0,Once a week,10 - 20 minutes,Often,3,2,1,4,Yes,Yes,No
13182,6,0,175.0,I don't regularly exercise,30 - 40 minutes,Not too often,1,2,4,3,Yes,Yes,No
57032,5,5,150.0,2 to 4 days a week,20 - 30 minutes,Sometime,2,1,3,4,Yes,Yes,No
76461,5,8,130.0,I don't regularly exercise,20 - 30 minutes,Never,2,4,3,1,Yes,Yes,No
88348,5,8,130.0,I don't regularly exercise,10 - 20 minutes,Never,2,1,4,3,Yes,Yes,No
45379,5,10,37.0,Once a week,30 - 40 minutes,Often,2,3,1,4,No,Yes,No
04938,5,8,160.0,I don't regularly exercise,20 - 30 minutes,Often,1,4,2,3,Yes,Yes,No
34220,5,5,150.0,Once a week,Over an hour,Sometime,1,3,4,2,Yes,Yes,No
53413,5,9,135.0,Once a week,Over an hour,Often,2,3,4,1,Yes,Yes,No
37293,5,8,100.0,2 to 4 days a week,20 - 30 minutes,Never,1,2,4,3,Yes,Yes,No
89383,5,8,180.0,Once a week,20 - 30 minutes,Sometime,4,1,2,3,Yes,Yes,No
80897,5,11,155.0,I don't regularly exercise,10 - 20 minutes,Never,1,2,3,4,No,Yes,No
08228,6,0,140.0,2 to 4 days a week,30 - 40 minutes,Sometime,3,4,1,2,No,Yes,No
18818,5,10,165.0,2 to 4 days a week,30 - 40 minutes,Always,2,3,1,4,Yes,Yes,Yes
70089,5,9,148.0,I don't regularly exercise,10 - 20 minutes,Never,2,1,4,3,No,Yes,No
34168,5,11,160.0,2 to 4 days a week,30 - 40 minutes,Always,3,2,1,4,Yes,Yes,Yes
33405,5,10,140.0,I don't regularly exercise,10 - 20 minutes,Always,3,4,2,1,Yes,Yes,No
83456,5,5,135.0,2 to 4 days a week,30 - 40 minutes,Often,1,4,2,3,Yes,Yes,No
70619,6,0,175.0,Once a week,20 - 30 minutes,Not too often,1,2,3,4,Yes,Yes,No
00616,4,6,160.0,Once a week,40 - 50 minutes,Often,1,2,3,4,Yes,Yes,Yes
41957,5,7,115.0,I don't regularly exercise,30 - 40 minutes,Not too often,1,3,2,4,Yes,Yes,No
40678,5,7,134.0,2 to 4 days a week,Over an hour,Always,3,1,4,2,Yes,Yes,Yes
83905,5,7,153.0,2 to 4 days a week,40 - 50 minutes,Often,1,4,2,3,Yes,Yes,Yes
82731,5,10,155.0,2 to 4 days a week,30 - 40 minutes,Often,3,1,4,2,Yes,Yes,Yes
85069,5,11,125.0,2 to 4 days a week,40 - 50 minutes,Sometime,2,1,3,4,Yes,Yes,No
64743,5,6,120.0,I don't regularly exercise,20 - 30 minutes,Sometime,4,2,3,1,Yes,Yes,No
00940,5,7,155.0,2 to 4 days a week,40 - 50 minutes,Never,2,3,1,4,Yes,Yes,No
58236,5,8,200.0,2 to 4 days a week,Over an hour,Not too often,1,2,3,4,Yes,Yes,Not sure
04514,5,2,110.0,Once a week,20 - 30 minutes,Never,1,3,4,2,Yes,Yes,Not sure
28360,5,4,130.0,2 to 4 days a week,Over an hour,Not too often,1,3,2,4,Yes,Yes,No
94858,5,6,120.0,I don't regularly exercise,30 - 40 minutes,Never,1,2,3,4,Yes,Yes,Yes
64539,5,6,130.0,I don't regularly exercise,20 - 30 minutes,Not too often,3,1,2,4,Yes,Yes,No
32667,5,8,170.0,2 to 4 days a week,Over an hour,Sometime,3,4,1,2,Yes,Yes,No
22750,5,5,120.0,Once a week,Over an hour,Sometime,4,3,2,1,Yes,Yes,Yes
86145,6,5,190.0,2 to 4 days a week,40 - 50 minutes,Often,1,3,2,4,Yes,Yes,No
32149,5,7,145.0,5 to 7 days a week,10 - 20 minutes,Never,1,2,4,3,Yes,No,No
84504,5,10,150.0,Once a week,40 - 50 minutes,Sometime,4,2,3,1,Yes,Yes,Yes
49091,5,10,170.0,2 to 4 days a week,40 - 50 minutes,Always,2,3,1,4,Yes,Yes,No
67131,5,7,135.0,I don't regularly exercise,Over an hour,Never,1,2,4,3,Yes,No,No
33822,5,3,143.0,2 to 4 days a week,Over an hour,Sometime,1,2,3,4,Yes,Yes,No
30229,5,3,105.0,Once a week,10 - 20 minutes,Not too often,1,2,3,4,Yes,Yes,Not sure
57091,5,2,130.0,2 to 4 days a week,40 - 50 minutes,Often,1,3,2,4,Yes,Yes,No
07734,5,3,150.0,Once a week,30 - 40 minutes,Often,3,4,1,2,Yes,Yes,No
75058,6,3,100.0,I don't regularly exercise,40 - 50 minutes,Never,1,4,2,3,No,Yes,No
34121,5,4,150.0,5 to 7 days a week,Over an hour,Sometime,1,3,2,4,Yes,Yes,Yes
66599,5,8,130.0,I don't regularly exercise,20 - 30 minutes,Sometime,2,1,3,4,Yes,Yes,No
87040,5,1,120.0,I don't regularly exercise,10 - 20 minutes,Not too often,1,2,3,4,Yes,Yes,No
43671,5,5,130.0,Once a week,30 - 40 minutes,Never,2,1,3,4,Yes,Yes,No
67772,6,1,170.0,2 to 4 days a week,Over an hour,Often,3,2,1,4,Yes,Yes,No
91827,5,7,160.0,2 to 4 days a week,Over an hour,Always,2,3,1,4,Yes,Yes,No
01390,4,3,135.0,Once a week,Over an hour,Sometime,4,3,1,2,Yes,Yes,Yes
90474,5,7,152.0,5 to 7 days a week,Over an hour,Never,1,3,4,2,Yes,No,No
62821,6,1,171.0,2 to 4 days a week,Over an hour,Often,3,1,2,4,Yes,Yes,No
66512,6,2,200.0,Once a week,30 - 40 minutes,Never,1,2,3,4,Yes,Yes,Not sure
15002,5,11,145.0,2 to 4 days a week,20 - 30 minutes,Often,2,3,1,4,Yes,Yes,Yes
25397,5,5,140.0,2 to 4 days a week,40 - 50 minutes,Sometime,2,3,1,4,Yes,Yes,No
37543,5,2,110.0,Once a week,20 - 30 minutes,Never,4,3,1,2,Yes,No,Yes
84711,6,0,150.0,2 to 4 days a week,Over an hour,Often,4,3,2,1,Yes,Yes,No
16643,5,9,145.0,2 to 4 days a week,Over an hour,Often,3,2,4,1,Yes,Yes,Yes
31476,5,3,127.0,Once a week,20 - 30 minutes,Sometime,3,1,4,2,Yes,Yes,No
37219,5,10,170.0,5 to 7 days a week,40 - 50 minutes,Always,1,3,2,4,Yes,Yes,No
41808,6,0,175.0,Once a week,20 - 30 minutes,Sometime,2,1,3,4,Yes,Yes,No
00814,5,5,128.0,Once a week,Over an hour,Often,2,1,3,4,Yes,Yes,No
02788,5,4,103.0,Once a week,20 - 30 minutes,Never,1,2,4,3,Yes,Yes,No
99436,5,2,110.0,Once a week,30 - 40 minutes,Not too often,4,3,1,2,Yes,Yes,No
15545,5,9,180.0,5 to 7 days a week,40 - 50 minutes,Always,2,3,1,4,Yes,Yes,Yes
05128,5,7,189.0,I don't regularly exercise,20 - 30 minutes,Sometime,1,3,4,2,Yes,Yes,Yes
16032,5,9,132.0,Once a week,30 - 40 minutes,Sometime,2,1,3,4,Yes,Yes,No
68706,5,3,98.0,2 to 4 days a week,10 - 20 minutes,Sometime,1,3,4,2,Yes,Yes,No
15941,5,8,142.0,Once a week,Over an hour,Not too often,2,1,4,3,No,Yes,Not sure
83861,5,3,125.0,Once a week,Over an hour,Not too often,1,2,3,4,Yes,Yes,No
80009,5,6,70.0,Once a week,10 - 20 minutes,Never,2,3,1,4,Yes,Yes,No
59353,5,11,180.0,Once a week,40 - 50 minutes,Often,4,3,2,1,Yes,Yes,No
30502,5,3,105.0,I don't regularly exercise,20 - 30 minutes,Sometime,4,1,2,3,Yes,Yes,No
14611,5,8,145.0,Once a week,Over an hour,Often,1,3,2,4,Yes,Yes,Yes
36927,5,6,165.0,5 to 7 days a week,40 - 50 minutes,Always,1,2,3,4,Yes,Yes,Yes
02185,5,7,110.0,I don't regularly exercise,30 - 40 minutes,Never,3,4,2,1,No,No,Yes
78771,5,11,140.0,Once a week,20 - 30 minutes,Often,3,2,1,4,Yes,Yes,No
71501,5,9,155.0,I don't regularly exercise,20 - 30 minutes,Always,2,3,4,1,Yes,Yes,No
53469,5,11,150.0,2 to 4 days a week,20 - 30 minutes,Always,3,4,1,2,No,Yes,No
10989,5,8,125.0,I don't regularly exercise,10 - 20 minutes,Sometime,1,3,2,4,Yes,Yes,No
53232,5,8,140.0,2 to 4 days a week,30 - 40 minutes,Always,2,3,1,4,Yes,Yes,No
54590,6,2,200.0,2 to 4 days a week,40 - 50 minutes,Often,2,1,3,4,Yes,Yes,No
21804,5,0,130.0,2 to 4 days a week,40 - 50 minutes,Not too often,2,1,3,4,Yes,Yes,No
48665,5,4,120.0,Once a week,30 - 40 minutes,Often,2,4,1,3,Yes,Yes,No
66340,5,4,119.0,Once a week,20 - 30 minutes,Sometime,1,3,2,4,Yes,Yes,Not sure
17003,6,0,200.0,2 to 4 days a week,40 - 50 minutes,Not too often,2,4,3,1,Yes,Yes,No
11704,5,8,161.0,2 to 4 days a week,Over an hour,Not too often,2,3,1,4,Yes,Yes,No
60282,5,4,126.0,5 to 7 days a week,30 - 40 minutes,Sometime,1,2,3,4,Yes,Yes,No
85523,6,0,152.0,2 to 4 days a week,30 - 40 minutes,Often,1,4,2,3,Yes,Yes,No
62373,5,6,170.0,2 to 4 days a week,40 - 50 minutes,Sometime,1,2,3,4,Yes,Yes,No
47704,5,5,140.0,2 to 4 days a week,20 - 30 minutes,Often,1,4,2,3,Yes,Yes,No
86978,5,7,140.0,2 to 4 days a week,Over an hour,Not too often,1,2,3,4,Yes,Yes,Yes
14115,6,1,176.0,Once a week,30 - 40 minutes,Sometime,4,1,3,2,Yes,Yes,No
95276,5,6,110.0,I don't regularly exercise,30 - 40 minutes,Not too often,1,3,4,2,Yes,Yes,No
85108,5,8,168.0,Once a week,Over an hour,Never,2,1,3,4,Yes,Yes,Yes
91655,5,8,123.0,I don't regularly exercise,20 - 30 minutes,Not too often,2,1,4,3,Yes,Yes,No
91885,5,6,163.0,5 to 7 days a week,Over an hour,Not too often,1,2,4,3,Yes,Yes,No
86864,5,0,130.0,2 to 4 days a week,Over an hour,Sometime,1,2,3,4,Yes,Yes,Not sure
58218,5,4,145.0,2 to 4 days a week,20 - 30 minutes,Often,1,3,2,4,Yes,Yes,No
88002,5,0,103.0,I don't regularly exercise,10 - 20 minutes,Always,1,4,3,2,Yes,Yes,Not sure
86774,6,0,167.0,5 to 7 days a week,Over an hour,Always,2,3,1,4,Yes,Yes,No
91171,5,8,140.0,2 to 4 days a week,20 - 30 minutes,Sometime,1,2,3,4,Yes,Yes,No
04168,5,4,110.0,I don't regularly exercise,20 - 30 minutes,Always,4,1,2,3,Yes,Yes,No
99811,5,6,130.0,2 to 4 days a week,Over an hour,Never,1,2,3,4,Yes,Yes,No
01453,5,7,145.0,5 to 7 days a week,Over an hour,Often,3,1,2,4,Yes,Yes,No
98211,5,9,200.0,Once a week,10 - 20 minutes,Often,1,4,3,2,Yes,Yes,No
57817,6,0,105.0,2 to 4 days a week,Over an hour,Always,2,3,1,4,Yes,Yes,No
01203,5,2,100.0,I don't regularly exercise,10 - 20 minutes,Often,2,4,3,1,Yes,Yes,Yes
98668,5,7,145.0,2 to 4 days a week,Over an hour,Always,3,1,2,4,Yes,Yes,No
53281,5,8,165.0,2 to 4 days a week,40 - 50 minutes,Always,1,2,4,3,Yes,Yes,Yes
96880,5,9,193.0,2 to 4 days a week,Over an hour,Always,4,2,3,1,Yes,Yes,No
45500,6,0,186.0,5 to 7 days a week,Over an hour,Sometime,2,3,1,4,Yes,Yes,No
62548,5,8,165.0,5 to 7 days a week,Over an hour,Always,3,2,1,4,Yes,Yes,No
53691,5,8,188.0,I don't regularly exercise,30 - 40 minutes,Sometime,1,2,3,4,Yes,Yes,Yes
88077,5,3,105.0,5 to 7 days a week,Over an hour,Often,4,2,1,3,Yes,Yes,No
55373,5,10,160.0,I don't regularly exercise,10 - 20 minutes,Never,4,1,2,3,Yes,Yes,No
32595,5,6,118.0,2 to 4 days a week,30 - 40 minutes,Sometime,1,2,3,4,Yes,Yes,No
14180,5,11,160.0,2 to 4 days a week,Over an hour,Not too often,1,2,3,4,Yes,Yes,No
75824,5,5,150.0,2 to 4 days a week,40 - 50 minutes,Often,4,3,2,1,Yes,Yes,Yes
87020,5,5,108.0,I don't regularly exercise,10 - 20 minutes,Never,4,3,2,1,No,Yes,Not sure
85549,5,10,165.0,2 to 4 days a week,40 - 50 minutes,Sometime,1,3,2,4,No,Yes,No
94804,5,0,95.0,I don't regularly exercise,Over an hour,Never,1,2,3,4,Yes,Yes,No
09684,6,0,195.0,Once a week,30 - 40 minutes,Not too often,1,2,3,4,Yes,Yes,No
18752,5,9,165.0,5 to 7 days a week,Over an hour,Often,2,3,1,4,Yes,Yes,No
31780,5,4,125.0,I don't regularly exercise,40 - 50 minutes,Never,1,2,4,3,Yes,No,Yes
49331,6,1,180.0,2 to 4 days a week,20 - 30 minutes,Sometime,4,2,3,1,Yes,Yes,No
75950,5,0,112.0,Once a week,Over an hour,Not too often,3,1,2,4,Yes,Yes,Not sure
27213,6,0,185.0,I don't regularly exercise,10 - 20 minutes,Sometime,3,4,1,2,Yes,Yes,Yes
57897,5,3,105.0,I don't regularly exercise,30 - 40 minutes,Not too often,4,3,2,1,Yes,Yes,No
64878,5,5,140.0,Once a week,30 - 40 minutes,Often,4,2,1,3,Yes,Yes,No
53580,6,1,200.0,I don't regularly exercise,30 - 40 minutes,Sometime,2,1,3,4,No,Yes,No
60355,6,5,200.0,5 to 7 days a week,Over an hour,Often,2,3,4,1,Yes,Yes,No
47379,5,9,155.0,2 to 4 days a week,Over an hour,Always,1,3,4,2,Yes,Yes,Yes
53955,5,0,150.0,Once a week,30 - 40 minutes,Often,4,3,2,1,Yes,Yes,No
94835,5,6,180.0,I don't regularly exercise,Over an hour,Always,1,2,3,4,Yes,Yes,No
77177,5,11,140.0,5 to 7 days a week,Over an hour,Never,3,1,2,4,Yes,Yes,No
11220,5,7,200.0,2 to 4 days a week,Over an hour,Sometime,3,4,2,1,Yes,Yes,Not sure
84840,5,6,165.0,Once a week,40 - 50 minutes,Never,1,2,4,3,Yes,Yes,No
65534,6,8,180.0,2 to 4 days a week,Over an hour,Never,4,1,2,3,Yes,Yes,No
75060,5,11,150.0,2 to 4 days a week,30 - 40 minutes,Never,3,2,1,4,Yes,Yes,No
74954,5,7,160.0,2 to 4 days a week,30 - 40 minutes,Sometime,1,2,3,4,Yes,Yes,Yes
65126,6,3,178.0,5 to 7 days a week,Over an hour,Sometime,2,3,1,4,Yes,Yes,No
73467,4,11,105.0,Once a week,40 - 50 minutes,Sometime,2,1,4,3,Yes,Yes,Not sure
35708,5,5,110.0,I don't regularly exercise,10 - 20 minutes,Often,2,3,1,4,Yes,Yes,No
41730,5,5,150.0,2 to 4 days a week,30 - 40 minutes,Not too often,1,2,4,3,Yes,Yes,No
69751,5,7,148.0,2 to 4 days a week,Over an hour,Often,2,3,4,1,Yes,Yes,No
49799,5,8,157.0,Once a week,Over an hour,Not too often,1,2,3,4,Yes,Yes,No
11268,5,8,185.0,2 to 4 days a week,30 - 40 minutes,Not too often,4,3,1,2,Yes,Yes,No
16038,5,2,128.0,I don't regularly exercise,10 - 20 minutes,Always,2,3,1,4,Yes,Yes,Not sure
08854,5,7,155.0,2 to 4 days a week,20 - 30 minutes,Always,3,1,4,2,Yes,Yes,No
71460,5,6,106.0,2 to 4 days a week,40 - 50 minutes,Sometime,1,2,3,4,Yes,Yes,Yes
00407,5,3,120.0,Once a week,30 - 40 minutes,Not too often,4,3,1,2,Yes,Yes,No
04286,5,8,190.0,I don't regularly exercise,30 - 40 minutes,Not too often,3,1,4,2,Yes,Yes,Yes
62167,6,1,174.0,5 to 7 days a week,Over an hour,Not too often,4,3,2,1,Yes,Yes,No
72505,5,6,106.0,Once a week,30 - 40 minutes,Sometime,1,4,3,2,Yes,Yes,No
25274,5,2,133.0,Once a week,Over an hour,Often,3,2,1,4,Yes,Yes,No
72307,5,4,148.0,5 to 7 days a week,Over an hour,Sometime,1,2,3,4,Yes,Yes,No
86369,5,1,125.0,Once a week,20 - 30 minutes,Sometime,4,3,2,1,Yes,Yes,No
84105,5,5,116.0,2 to 4 days a week,40 - 50 minutes,Often,1,2,3,4,Yes,Yes,Yes
34923,4,7,90.0,I don't regularly exercise,10 - 20 minutes,Not too often,4,3,1,2,No,Yes,No
16499,5,5,140.0,I don't regularly exercise,10 - 20 minutes,Never,4,1,2,3,Yes,Yes,No
29191,5,6,120.0,2 to 4 days a week,30 - 40 minutes,Never,3,4,1,2,Yes,Yes,No
21521,5,1,140.0,Once a week,40 - 50 minutes,Sometime,4,1,3,2,Yes,Yes,No
63593,5,11,179.0,5 to 7 days a week,40 - 50 minutes,Never,1,2,4,3,Yes,No,No
02119,5,3,150.0,I don't regularly exercise,20 - 30 minutes,Often,1,2,3,4,Yes,Yes,Yes
10939,5,9,200.0,2 to 4 days a week,40 - 50 minutes,Sometime,1,2,3,4,Yes,Yes,No
74539,5,8,187.0,I don't regularly exercise,Over an hour,Not too often,3,1,2,4,Yes,Yes,Yes
17442,5,3,186.0,2 to 4 days a week,10 - 20 minutes,Not too often,2,1,4,3,Yes,Yes,No
72994,5,7,171.0,I don't regularly exercise,20 - 30 minutes,Not too often,1,2,4,3,Yes,Yes,Yes
23304,5,9,154.0,2 to 4 days a week,Over an hour,Often,4,2,3,1,Yes,Yes,No
92049,5,6,165.0,2 to 4 days a week,Over an hour,Often,1,3,2,4,Yes,Yes,No
28133,5,8,200.0,Once a week,Over an hour,Often,3,1,2,4,Yes,Yes,Yes
81502,6,0,175.0,5 to 7 days a week,Over an hour,Often,4,1,3,2,Yes,Yes,No
45805,5,9,155.0,Once a week,40 - 50 minutes,Often,2,3,1,4,Yes,Yes,No
89852,6,0,154.0,I don't regularly exercise,Over an hour,Sometime,2,1,4,3,Yes,Yes,No
12929,5,11,165.0,2 to 4 days a week,40 - 50 minutes,Always,1,2,3,4,Yes,Yes,Not sure
82473,5,3,104.0,2 to 4 days a week,Over an hour,Often,2,1,3,4,Yes,Yes,Yes
29137,5,11,150.0,2 to 4 days a week,30 - 40 minutes,Often,2,3,4,1,Yes,Yes,Yes
72896,5,5,150.0,Once a week,Over an hour,Always,2,3,1,4,Yes,Yes,No
57859,5,9,160.0,5 to 7 days a week,Over an hour,Not too often,4,3,2,1,Yes,Yes,No
16247,5,5,160.0,2 to 4 days a week,Over an hour,Sometime,2,1,3,4,Yes,Yes,Not sure
59128,6,1,188.0,5 to 7 days a week,Over an hour,Sometime,3,2,1,4,Yes,Yes,No
58112,5,7,170.0,5 to 7 days a week,Over an hour,Often,1,2,3,4,Yes,Yes,No
81523,6,1,180.0,5 to 7 days a week,Over an hour,Always,3,1,4,2,Yes,Yes,No
78010,5,7,137.0,2 to 4 days a week,Over an hour,Never,1,2,3,4,Yes,Yes,Not sure
81883,5,8,142.0,I don't regularly exercise,20 - 30 minutes,Never,1,2,4,3,Yes,No,Yes
78023,5,0,115.0,Once a week,30 - 40 minutes,Sometime,3,4,2,1,Yes,Yes,No
77677,5,5,150.0,I don't regularly exercise,10 - 20 minutes,Not too often,1,2,4,3,No,Yes,No
76459,6,0,126.0,2 to 4 days a week,30 - 40 minutes,Not too often,1,2,3,4,Yes,Yes,No
67887,5,2,93.0,I don't regularly exercise,10 - 20 minutes,Never,1,2,4,3,No,Yes,No
99107,5,5,101.0,Once a week,40 - 50 minutes,Often,1,3,2,4,Yes,Yes,No
01520,5,3,155.0,I don't regularly exercise,10 - 20 minutes,Often,4,1,2,3,Yes,Yes,Yes
69731,5,8,141.0,5 to 7 days a week,Over an hour,Not too often,1,4,2,3,Yes,Yes,No
35169,5,1,110.0,2 to 4 days a week,Over an hour,Not too often,1,2,4,3,Yes,Yes,No
49049,5,5,166.0,5 to 7 days a week,Over an hour,Sometime,3,4,2,1,Yes,Yes,No
54166,6,1,150.0,Once a week,40 - 50 minutes,Never,1,2,4,3,Yes,Yes,No
48833,5,2,161.0,2 to 4 days a week,30 - 40 minutes,Always,2,3,1,4,Yes,Yes,Yes
01002,5,7,145.0,Once a week,20 - 30 minutes,Often,1,2,3,4,Yes,Yes,Yes
70351,4,9,115.0,Once a week,30 - 40 minutes,Never,2,1,4,3,Yes,Yes,Yes
86923,5,8,122.0,I don't regularly exercise,40 - 50 minutes,Often,1,2,3,4,Yes,Yes,Yes
57893,5,4,153.0,Once a week,30 - 40 minutes,Always,4,2,3,1,Yes,Yes,No
33769,4,11,100.0,Once a week,40 - 50 minutes,Never,1,2,3,4,Yes,Yes,No
16251,5,8,125.0,2 to 4 days a week,Over an hour,Sometime,2,4,3,1,Yes,Yes,No
49695,5,6,140.0,5 to 7 days a week,Over an hour,Not too often,2,1,3,4,Yes,Yes,No
45836,5,1,113.0,I don't regularly exercise,30 - 40 minutes,Often,3,2,1,4,Yes,Yes,No
63558,5,7,135.0,Once a week,40 - 50 minutes,Not too often,4,1,2,3,Yes,Yes,No
55495,5,7,148.0,5 to 7 days a week,Over an hour,Sometime,1,2,3,4,Yes,Yes,Yes
62373,5,6,170.0,Once a week,40 - 50 minutes,Not too often,1,4,3,2,Yes,Yes,No
72691,5,11,173.0,5 to 7 days a week,40 - 50 minutes,Always,3,1,4,2,Yes,Yes,No
69496,5,9,120.0,2 to 4 days a week,30 - 40 minutes,Often,1,3,2,4,Yes,Yes,No
66804,6,3,190.0,Once a week,Over an hour,Sometime,1,3,4,2,Yes,Yes,No
26160,5,10,176.0,2 to 4 days a week,Over an hour,Never,1,2,4,3,Yes,Yes,Yes
66138,5,2,130.0,2 to 4 days a week,40 - 50 minutes,Always,3,1,2,4,Yes,Yes,Yes
71690,5,5,168.0,2 to 4 days a week,Over an hour,Sometime,2,4,3,1,Yes,Yes,Not sure
53568,5,6,145.0,I don't regularly exercise,20 - 30 minutes,Sometime,4,3,2,1,Yes,Yes,Not sure
12083,5,5,120.0,2 to 4 days a week,Over an hour,Always,2,3,4,1,Yes,Yes,No
40850,5,1,106.0,I don't regularly exercise,10 - 20 minutes,Often,3,4,2,1,Yes,Yes,Yes
27390,5,5,135.0,Once a week,30 - 40 minutes,Never,2,3,1,4,Yes,Yes,Yes
34067,5,3,120.0,2 to 4 days a week,20 - 30 minutes,Always,1,3,2,4,Yes,Yes,No
47368,5,5,155.0,Once a week,Over an hour,Not too often,1,2,3,4,Yes,Yes,No
95428,4,9,160.0,2 to 4 days a week,30 - 40 minutes,Never,3,1,4,2,Yes,Yes,Yes
92617,5,2,115.0,I don't regularly exercise,10 - 20 minutes,Sometime,1,2,4,3,Yes,Yes,Not sure
82828,5,9,145.0,5 to 7 days a week,Over an hour,Never,1,4,3,2,Yes,Yes,No
78329,5,10,130.0,I don't regularly exercise,10 - 20 minutes,Not too often,4,3,2,1,Yes,No,No
35695,5,8,170.0,5 to 7 days a week,40 - 50 minutes,Never,2,1,4,3,Yes,Yes,Not sure
05516,6,0,140.0,I don't regularly exercise,20 - 30 minutes,Sometime,2,1,3,4,No,Yes,No
02354,5,4,183.0,2 to 4 days a week,40 - 50 minutes,Sometime,3,1,2,4,Yes,Yes,Yes
56938,5,11,168.0,2 to 4 days a week,Over an hour,Not too often,1,2,4,3,Yes,Yes,No
65728,5,7,150.0,2 to 4 days a week,Over an hour,Not too often,1,2,3,4,Yes,Yes,No
54020,5,2,115.0,I don't regularly exercise,Over an hour,Sometime,4,3,1,2,Yes,Yes,Not sure
09719,5,7,135.0,2 to 4 days a week,40 - 50 minutes,Not too often,2,1,3,4,Yes,Yes,No
46557,5,3,95.0,Once a week,20 - 30 minutes,Not too often,2,1,4,3,Yes,Yes,No
91902,5,9,152.0,Once a week,40 - 50 minutes,Not too often,1,2,4,3,Yes,Yes,No
61459,5,8,130.0,I don't regularly exercise,Over an hour,Sometime,1,2,3,4,Yes,Yes,Not sure
31290,5,3,138.0,2 to 4 days a week,Over an hour,Often,4,1,3,2,Yes,Yes,No
31968,6,0,128.0,I don't regularly exercise,30 - 40 minutes,Often,1,3,4,2,Yes,Yes,Yes
09906,4,10,113.0,I don't regularly exercise,20 - 30 minutes,Never,4,2,1,3,Yes,Yes,No
40401,5,2,115.0,I don't regularly exercise,10 - 20 minutes,Not too often,3,2,1,4,Yes,Yes,No
54951,5,6,110.0,2 to 4 days a week,40 - 50 minutes,Sometime,1,2,3,4,Yes,Yes,No
61454,5,8,145.0,5 to 7 days a week,40 - 50 minutes,Often,3,2,1,4,Yes,Yes,No
23470,5,3,110.0,2 to 4 days a week,20 - 30 minutes,Sometime,1,4,3,2,Yes,Yes,No
16697,5,9,130.0,2 to 4 days a week,Over an hour,Often,1,3,2,4,Yes,Yes,No
40003,4,11,102.0,I don't regularly exercise,20 - 30 minutes,Never,1,2,3,4,No,No,No
76423,5,2,124.0,Once a week,30 - 40 minutes,Sometime,1,2,3,4,Yes,Yes,Yes
66998,6,1,154.0,Once a week,10 - 20 minutes,Never,2,1,3,4,Yes,Yes,No
57589,6,0,187.0,5 to 7 days a week,Over an hour,Never,2,4,1,3,Yes,Yes,Yes
67534,6,0,170.0,5 to 7 days a week,Over an hour,Not too often,3,4,2,1,Yes,Yes,No
32891,6,6,140.0,2 to 4 days a week,40 - 50 minutes,Never,2,1,3,4,Yes,Yes,No
19299,6,0,192.0,Once a week,Over an hour,Sometime,2,1,3,4,Yes,Yes,No
82504,6,6,132.0,Once a week,Over an hour,Not too often,1,4,2,3,Yes,Yes,No
26571,6,2,190.0,2 to 4 days a week,Over an hour,Not too often,4,1,2,3,Yes,Yes,No
25368,5,9,152.0,Once a week,10 - 20 minutes,Not too often,2,1,3,4,Yes,Yes,No
36128,5,10,165.0,5 to 7 days a week,30 - 40 minutes,Sometime,3,2,4,1,Yes,Yes,No
68900,5,4,127.0,2 to 4 days a week,Over an hour,Not too often,1,3,2,4,Yes,Yes,No
66638,6,0,13.0,2 to 4 days a week,Over an hour,Sometime,4,2,1,3,Yes,Yes,No
03576,5,4,105.0,2 to 4 days a week,30 - 40 minutes,Always,2,4,1,3,Yes,Yes,No
80036,4,11,110.0,2 to 4 days a week,40 - 50 minutes,Not too often,2,1,4,3,Yes,No,Not sure
57724,5,11,165.0,2 to 4 days a week,20 - 30 minutes,Often,3,1,4,2,Yes,Yes,Not sure
11062,5,2,95.0,I don't regularly exercise,30 - 40 minutes,Sometime,1,2,3,4,Yes,Yes,No
08100,5,7,150.0,2 to 4 days a week,Over an hour,Often,4,1,2,3,Yes,Yes,No
96412,5,2,103.0,I don't regularly exercise,20 - 30 minutes,Never,4,2,3,1,Yes,Yes,Yes
50930,5,8,150.0,Once a week,Over an hour,Not too often,2,1,4,3,Yes,Yes,No
00335,6,0,195.0,2 to 4 days a week,Over an hour,Always,3,2,1,4,Yes,Yes,No
31594,6,2,175.0,2 to 4 days a week,Over an hour,Not too often,1,2,4,3,Yes,Yes,No
62394,6,3,180.0,2 to 4 days a week,30 - 40 minutes,Sometime,2,4,3,1,Yes,Yes,No
71357,5,3,150.0,I don't regularly exercise,10 - 20 minutes,Sometime,1,2,3,4,Yes,Yes,Yes
72085,5,9,145.0,Once a week,40 - 50 minutes,Not too often,1,4,3,2,Yes,Yes,No
59786,6,1,162.0,5 to 7 days a week,Over an hour,Always,2,4,3,1,Yes,Yes,Yes
73902,5,9,163.0,I don't regularly exercise,40 - 50 minutes,Sometime,4,3,2,1,Yes,Yes,No
66475,5,5,118.0,5 to 7 days a week,Over an hour,Sometime,1,4,2,3,Yes,Yes,No
02185,5,7,120.0,2 to 4 days a week,40 - 50 minutes,Not too often,2,1,4,3,Yes,Yes,Yes
70295,5,9,185.0,5 to 7 days a week,Over an hour,Sometime,1,2,3,4,Yes,Yes,Yes
17838,5,8,155.0,5 to 7 days a week,Over an hour,Always,2,1,4,3,Yes,Yes,No
37033,5,4,160.0,I don't regularly exercise,20 - 30 minutes,Not too often,1,3,4,2,Yes,Yes,Yes
19120,5,4,125.0,Once a week,30 - 40 minutes,Sometime,4,3,1,2,Yes,Yes,Yes
56207,5,9,147.0,2 to 4 days a week,40 - 50 minutes,Not too often,1,2,3,4,Yes,Yes,Not sure
39397,6,0,175.0,5 to 7 days a week,Over an hour,Not too often,3,2,1,4,Yes,Yes,Yes
29551,5,5,175.0,I don't regularly exercise,Over an hour,Not too often,2,3,4,1,Yes,Yes,No
61588,5,9,150.0,Once a week,30 - 40 minutes,Always,1,3,2,4,Yes,Yes,No
95947,5,4,109.0,I don't regularly exercise,Over an hour,Sometime,4,1,2,3,Yes,Yes,No
01839,5,5,120.0,Once a week,40 - 50 minutes,Sometime,1,4,3,2,Yes,Yes,Not sure
92777,5,11,155.0,2 to 4 days a week,20 - 30 minutes,Not too often,1,2,3,4,No,Yes,Not sure
90002,5,7,121.0,Once a week,20 - 30 minutes,Never,3,2,1,4,Yes,Yes,No
47417,5,10,200.0,I don't regularly exercise,Over an hour,Often,1,3,2,4,Yes,Yes,No
32008,5,10,107.0,2 to 4 days a week,40 - 50 minutes,Not too often,2,4,1,3,Yes,Yes,No
70555,5,0,116.0,5 to 7 days a week,Over an hour,Sometime,3,1,2,4,Yes,Yes,No
03086,5,8,137.0,I don't regularly exercise,20 - 30 minutes,Sometime,3,1,2,4,Yes,Yes,No
69258,5,1,95.0,I don't regularly exercise,20 - 30 minutes,Never,4,3,2,1,Yes,Yes,Yes
09378,6,0,145.0,2 to 4 days a week,30 - 40 minutes,Never,3,2,4,1,Yes,Yes,Yes
06918,5,5,117.0,I don't regularly exercise,10 - 20 minutes,Never,1,2,3,4,Yes,Yes,Not sure
45524,5,6,150.0,2 to 4 days a week,40 - 50 minutes,Always,3,4,2,1,Yes,Yes,Yes
36927,5,7,160.0,5 to 7 days a week,Over an hour,Often,3,2,1,4,Yes,Yes,Yes
10540,5,3,135.0,5 to 7 days a week,20 - 30 minutes,Often,1,3,2,4,Yes,Yes,Not sure
41513,5,6,137.0,5 to 7 days a week,Over an hour,Never,2,1,4,3,Yes,Yes,Yes
51971,5,8,130.0,I don't regularly exercise,10 - 20 minutes,Sometime,3,2,1,4,Yes,Yes,No
54141,5,8,154.0,5 to 7 days a week,Over an hour,Sometime,1,2,4,3,Yes,Yes,Yes
46364,5,8,130.0,2 to 4 days a week,40 - 50 minutes,Not too often,2,1,3,4,Yes,Yes,No
30502,5,3,100.0,I don't regularly exercise,10 - 20 minutes,Sometime,4,1,3,2,Yes,Yes,Not sure
33094,5,1,105.0,I don't regularly exercise,10 - 20 minutes,Often,4,1,2,3,Yes,Yes,No
34075,5,3,175.0,Once a week,10 - 20 minutes,Often,1,2,3,4,Yes,Yes,No
67912,5,5,140.0,Once a week,10 - 20 minutes,Sometime,4,1,3,2,Yes,Yes,No
57859,5,8,160.0,5 to 7 days a week,Over an hour,Not too often,2,1,3,4,Yes,Yes,No
04625,5,2,103.0,Once a week,40 - 50 minutes,Sometime,1,2,3,4,Yes,Yes,No
29017,5,4,140.0,2 to 4 days a week,40 - 50 minutes,Often,1,4,2,3,Yes,Yes,No
13860,5,10,150.0,2 to 4 days a week,40 - 50 minutes,Not too often,1,2,3,4,Yes,Yes,No
88555,5,8,150.0,I don't regularly exercise,Over an hour,Sometime,1,4,3,2,Yes,Yes,No
92617,5,3,112.0,I don't regularly exercise,10 - 20 minutes,Sometime,1,3,4,2,Yes,Yes,No
35926,5,6,140.0,Once a week,20 - 30 minutes,Always,1,3,2,4,Yes,Yes,No
03563,5,0,110.0,I don't regularly exercise,10 - 20 minutes,Sometime,1,3,4,2,Yes,Yes,No
41753,6,1,160.0,5 to 7 days a week,20 - 30 minutes,Not too often,3,4,1,2,Yes,Yes,No
27698,5,7,169.0,2 to 4 days a week,20 - 30 minutes,Not too often,1,4,2,3,Yes,Yes,No
49695,5,6,138.0,5 to 7 days a week,Over an hour,Not too often,3,1,2,4,Yes,Yes,No
23470,5,3,116.0,2 to 4 days a week,30 - 40 minutes,Sometime,3,2,4,1,Yes,Yes,No
02696,5,3,115.0,I don't regularly exercise,20 - 30 minutes,Not too often,1,2,4,3,Yes,Yes,No
28939,5,8,190.0,2 to 4 days a week,40 - 50 minutes,Never,2,1,3,4,Yes,Yes,No
22332,5,2,175.0,2 to 4 days a week,40 - 50 minutes,Often,2,3,1,4,Yes,Yes,Yes
55749,5,7,155.0,2 to 4 days a week,40 - 50 minutes,Often,2,3,1,4,Yes,Yes,Yes
72785,6,3,190.0,Once a week,10 - 20 minutes,Always,4,3,2,1,Yes,Yes,No
12250,5,4,130.0,2 to 4 days a week,40 - 50 minutes,Often,3,2,4,1,Yes,Yes,No
59000,5,5,155.0,2 to 4 days a week,40 - 50 minutes,Not too often,1,4,3,2,Yes,Yes,Yes
27801,5,10,153.0,2 to 4 days a week,30 - 40 minutes,Sometime,1,2,3,4,Yes,Yes,Yes
77660,5,7,163.0,I don't regularly exercise,40 - 50 minutes,Sometime,4,2,1,3,Yes,Yes,Yes
14479,5,5,110.0,2 to 4 days a week,Over an hour,Never,2,1,4,3,No,No,No
94384,6,2,164.0,I don't regularly exercise,10 - 20 minutes,Sometime,1,3,4,2,Yes,Yes,No
76012,5,2,150.0,Once a week,20 - 30 minutes,Often,3,1,2,4,Yes,Yes,No
55442,6,0,199.0,5 to 7 days a week,Over an hour,Often,1,2,3,4,Yes,Yes,No
20342,4,11,120.0,I don't regularly exercise,30 - 40 minutes,Sometime,1,2,3,4,Yes,Yes,Yes
28983,5,5,136.0,Once a week,10 - 20 minutes,Not too often,4,2,1,3,Yes,Yes,No
30981,5,8,142.0,2 to 4 days a week,30 - 40 minutes,Sometime,4,2,3,1,Yes,Yes,No
64106,5,1,98.0,I don't regularly exercise,20 - 30 minutes,Not too often,1,4,3,2,Yes,Yes,No
21683,5,3,99.0,2 to 4 days a week,20 - 30 minutes,Sometime,4,1,3,2,Yes,Yes,Not sure
38085,5,7,123.0,I don't regularly exercise,20 - 30 minutes,Sometime,4,2,3,1,Yes,Yes,No
54181,5,0,157.0,Once a week,30 - 40 minutes,Always,1,3,2,4,Yes,Yes,No
54552,5,4,130.0,I don't regularly exercise,30 - 40 minutes,Always,1,3,2,4,Yes,Yes,Yes
30392,5,7,180.0,2 to 4 days a week,30 - 40 minutes,Often,1,2,4,3,Yes,Yes,Yes
16562,6,0,175.0,2 to 4 days a week,Over an hour,Always,1,2,3,4,Yes,Yes,No
29191,5,6,135.0,2 to 4 days a week,Over an hour,Never,1,4,3,2,Yes,Yes,No
46765,5,4,134.0,Once a week,20 - 30 minutes,Always,1,4,3,2,Yes,Yes,No
08271,5,11,200.0,5 to 7 days a week,Over an hour,Often,4,1,2,3,Yes,Yes,No
1032,5,10,155.0,Once a week,30 - 40 minutes,Sometime,1,2,3,4,Yes,Yes,Yes
59808,5,2,120.0,2 to 4 days a week,40 - 50 minutes,Sometime,4,1,2,3,Yes,No,No
67161,5,5,110.0,I don't regularly exercise,30 - 40 minutes,Always,4,3,1,2,Yes,No,No
23873,5,10,170.0,I don't regularly exercise,10 - 20 minutes,Always,2,4,1,3,Yes,Yes,Yes
66182,5,8,120.0,Once a week,20 - 30 minutes,Sometime,1,2,4,3,Yes,Yes,No
03783,5,7,160.0,5 to 7 days a week,Over an hour,Often,3,2,1,4,Yes,Yes,No
47839,5,8,140.0,2 to 4 days a week,40 - 50 minutes,Never,2,1,3,4,Yes,Yes,No
83603,5,10,195.0,5 to 7 days a week,Over an hour,Always,2,3,1,4,Yes,Yes,Not sure
56049,6,1,160.0,5 to 7 days a week,Over an hour,Sometime,4,1,2,3,Yes,Yes,No
96481,5,4,140.0,I don't regularly exercise,30 - 40 minutes,Not too often,1,3,2,4,Yes,Yes,No
51901,5,2,110.0,Once a week,Over an hour,Sometime,4,3,2,1,Yes,Yes,Yes
14974,6,3,156.0,5 to 7 days a week,Over an hour,Sometime,1,2,3,4,Yes,Yes,No
80082,5,2,125.0,I don't regularly exercise,20 - 30 minutes,Never,4,3,1,2,Yes,Yes,No
27264,5,8,150.0,2 to 4 days a week,Over an hour,Never,4,3,1,2,No,Yes,No
65057,6,1,176.0,5 to 7 days a week,40 - 50 minutes,Often,2,4,1,3,Yes,Yes,Yes
70511,5,4,119.0,I don't regularly exercise,10 - 20 minutes,Sometime,2,4,3,1,Yes,Yes,No
28953,5,8,167.0,2 to 4 days a week,Over an hour,Sometime,1,2,3,4,Yes,Yes,Not sure
77374,5,5,135.0,I don't regularly exercise,20 - 30 minutes,Never,1,2,4,3,No,Yes,No
81688,5,7,130.0,2 to 4 days a week,Over an hour,Often,4,3,2,1,Yes,Yes,No
89131,5,7,140.0,I don't regularly exercise,10 - 20 minutes,Often,4,2,1,3,No,Yes,No
47333,5,9,145.0,I don't regularly exercise,20 - 30 minutes,Sometime,1,2,3,4,Yes,Yes,No
11848,6,1,184.0,5 to 7 days a week,40 - 50 minutes,Often,1,4,2,3,Yes,Yes,No
71274,6,3,160.0,I don't regularly exercise,40 - 50 minutes,Never,1,2,4,3,Yes,No,No
75083,5,6,126.0,2 to 4 days a week,40 - 50 minutes,Not too often,2,1,3,4,Yes,Yes,No
58330,5,3,125.0,2 to 4 days a week,30 - 40 minutes,Often,4,2,3,1,Yes,Yes,No
04948,5,8,150.0,Once a week,40 - 50 minutes,Not too often,1,2,4,3,Yes,Yes,No
05016,4,9,95.0,2 to 4 days a week,40 - 50 minutes,Never,1,4,2,3,Yes,Yes,Not sure
70286,6,7,105.0,I don't regularly exercise,10 - 20 minutes,Not too often,2,1,4,3,Yes,Yes,No
19857,5,2,145.0,2 to 4 days a week,Over an hour,Sometime,2,4,1,3,Yes,Yes,No
98408,5,10,160.0,5 to 7 days a week,Over an hour,Always,2,3,1,4,Yes,Yes,No
76707,5,7,198.0,2 to 4 days a week,Over an hour,Sometime,1,3,2,4,Yes,Yes,Yes
00740,5,3,137.0,2 to 4 days a week,40 - 50 minutes,Not too often,3,4,1,2,Yes,Yes,No
00758,5,9,150.0,I don't regularly exercise,10 - 20 minutes,Often,2,4,3,1,Yes,Yes,Yes
81776,5,0,95.0,Once a week,Over an hour,Not too often,1,2,4,3,Yes,No,Yes
04673,6,2,195.0,5 to 7 days a week,Over an hour,Often,2,3,1,4,Yes,Yes,No
07088,6,0,155.0,2 to 4 days a week,Over an hour,Often,2,3,1,4,Yes,Yes,No
25627,5,2,92.0,I don't regularly exercise,30 - 40 minutes,Not too often,1,3,4,2,No,No,Not sure
13996,6,1,191.0,2 to 4 days a week,Over an hour,Often,2,1,4,3,Yes,Yes,Yes
32223,5,7,145.0,Once a week,20 - 30 minutes,Often,4,3,2,1,Yes,Yes,No
26467,5,11,180.0,2 to 4 days a week,Over an hour,Never,2,1,4,3,Yes,Yes,No
64751,5,9,170.0,5 to 7 days a week,30 - 40 minutes,Sometime,1,4,3,2,No,Yes,No
85725,5,2,125.0,Once a week,30 - 40 minutes,Never,3,4,1,2,Yes,No,No
88119,5,10,185.0,I don't regularly exercise,Over an hour,Often,1,3,2,4,No,Yes,Yes
88555,5,8,160.0,Once a week,Over an hour,Not too often,1,2,3,4,Yes,Yes,No
86804,6,0,121.0,Once a week,40 - 50 minutes,Sometime,1,3,2,4,Yes,Yes,No
87675,5,2,130.0,I don't regularly exercise,20 - 30 minutes,Never,1,2,4,3,Yes,Yes,No
43081,6,2,139.0,I don't regularly exercise,Over an hour,Sometime,1,2,3,4,Yes,Yes,No
56110,5,1,100.0,Once a week,40 - 50 minutes,Not too often,4,3,2,1,Yes,Yes,No
67222,5,6,136.0,I don't regularly exercise,30 - 40 minutes,Sometime,1,2,3,4,Yes,Yes,No
73414,6,2,200.0,2 to 4 days a week,Over an hour,Sometime,4,3,2,1,Yes,Yes,No
03066,5,7,148.0,2 to 4 days a week,20 - 30 minutes,Often,1,4,3,2,Yes,Yes,Yes
14002,5,6,120.0,I don't regularly exercise,10 - 20 minutes,Sometime,1,3,2,4,Yes,Yes,Yes
71702,6,1,200.0,Once a week,Over an hour,Not too often,1,3,2,4,Yes,Yes,Yes
78100,6,1,185.0,2 to 4 days a week,Over an hour,Never,1,2,3,4,Yes,Yes,No
59582,5,7,120.0,2 to 4 days a week,Over an hour,Sometime,2,3,1,4,Yes,Yes,No
00345,5,8,143.0,Once a week,Over an hour,Not too often,1,2,4,3,Yes,Yes,Yes
85430,5,6,115.0,Once a week,20 - 30 minutes,Never,4,2,1,3,Yes,Yes,No
15022,5,3,98.0,Once a week,20 - 30 minutes,Sometime,1,2,3,4,No,Yes,No
76854,5,3,170.0,2 to 4 days a week,30 - 40 minutes,Sometime,2,1,3,4,Yes,Yes,Yes
05186,5,7,135.0,2 to 4 days a week,30 - 40 minutes,Never,1,3,2,4,Yes,Yes,No
94497,6,5,154.0,2 to 4 days a week,40 - 50 minutes,Sometime,1,4,2,3,Yes,Yes,No
67720,5,1,165.0,I don't regularly exercise,Over an hour,Often,2,4,3,1,Yes,Yes,Yes
65678,5,5,120.0,2 to 4 days a week,Over an hour,Often,2,3,1,4,Yes,Yes,No
72126,5,11,160.0,5 to 7 days a week,Over an hour,Often,1,2,3,4,Yes,Yes,No
21387,5,5,115.0,Once a week,20 - 30 minutes,Not too often,1,2,4,3,Yes,Yes,No
43934,5,6,125.0,2 to 4 days a week,30 - 40 minutes,Always,1,3,2,4,Yes,Yes,Yes
25196,5,9,132.0,2 to 4 days a week,40 - 50 minutes,Often,1,3,2,4,Yes,Yes,No
60159,5,2,115.0,2 to 4 days a week,30 - 40 minutes,Not too often,3,4,1,2,Yes,Yes,No
71099,5,11,170.0,2 to 4 days a week,40 - 50 minutes,Often,3,1,2,4,Yes,Yes,No
04753,5,9,130.0,2 to 4 days a week,30 - 40 minutes,Sometime,1,2,3,4,Yes,Yes,Not sure
12742,5,11,142.0,2 to 4 days a week,30 - 40 minutes,Often,4,3,1,2,Yes,Yes,No
75097,5,9,170.0,Once a week,Over an hour,Often,1,2,3,4,Yes,Yes,Not sure
26579,5,7,118.0,I don't regularly exercise,10 - 20 minutes,Sometime,2,1,3,4,Yes,Yes,No
06935,5,8,126.0,5 to 7 days a week,40 - 50 minutes,Always,4,3,1,2,Yes,Yes,No
85182,4,11,108.0,Once a week,30 - 40 minutes,Sometime,4,1,3,2,Yes,Yes,Not sure
98159,5,3,130.0,2 to 4 days a week,Over an hour,Sometime,3,2,1,4,Yes,Yes,No
99093,6,1,155.0,5 to 7 days a week,30 - 40 minutes,Sometime,3,1,2,4,Yes,Yes,Not sure
12863,5,8,171.0,I don't regularly exercise,Over an hour,Never,1,2,4,3,Yes,Yes,No
87907,5,3,140.0,I don't regularly exercise,20 - 30 minutes,Often,2,3,1,4,Yes,Yes,No
24283,5,2,115.0,I don't regularly exercise,40 - 50 minutes,Never,2,1,3,4,Yes,Yes,No
06364,5,1,100.0,Once a week,40 - 50 minutes,Never,4,3,1,2,Yes,No,No
94292,5,3,127.0,I don't regularly exercise,30 - 40 minutes,Often,3,1,2,4,Yes,Yes,No
02877,5,7,172.0,5 to 7 days a week,Over an hour,Not too often,4,3,1,2,Yes,Yes,Not sure
92321,5,1,112.0,2 to 4 days a week,Over an hour,Sometime,3,4,1,2,Yes,Yes,Yes
48081,5,11,150.0,5 to 7 days a week,Over an hour,Not too often,2,1,3,4,Yes,Yes,No
33402,5,10,190.0,2 to 4 days a week,Over an hour,Always,3,2,1,4,Yes,Yes,No
52041,5,10,150.0,2 to 4 days a week,30 - 40 minutes,Not too often,3,1,2,4,No,Yes,No
71731,6,2,180.0,I don't regularly exercise,10 - 20 minutes,Never,1,2,4,3,No,Yes,No
80027,5,6,100.0,I don't regularly exercise,Over an hour,Never,1,2,4,3,Yes,Yes,Yes
15659,5,3,110.0,Once a week,Over an hour,Sometime,1,4,2,3,Yes,Yes,No
86175,5,3,120.0,2 to 4 days a week,30 - 40 minutes,Never,1,2,3,4,Yes,Yes,No
08975,5,5,127.0,2 to 4 days a week,20 - 30 minutes,Sometime,1,3,2,4,Yes,Yes,No
09761,0,0,110.0,I don't regularly exercise,10 - 20 minutes,Not too often,2,3,4,1,Yes,Yes,No
29161,5,5,130.0,2 to 4 days a week,30 - 40 minutes,Not too often,1,3,4,2,Yes,Yes,No
04058,6,0,155.0,2 to 4 days a week,20 - 30 minutes,Often,3,2,1,4,No,Yes,No
89459,5,2,102.0,Once a week,20 - 30 minutes,Sometime,1,2,3,4,Yes,Yes,Yes
03556,4,4,105.0,I don't regularly exercise,10 - 20 minutes,Never,1,2,4,3,Yes,Yes,No
49048,5,3,112.0,I don't regularly exercise,20 - 30 minutes,Never,2,1,4,3,Yes,Yes,Yes
96731,5,10,165.0,Once a week,Over an hour,Not too often,4,3,1,2,Yes,Yes,Not sure
75650,5,4,135.0,I don't regularly exercise,20 - 30 minutes,Not too often,1,2,4,3,Yes,Yes,No
95906,5,6,140.0,5 to 7 days a week,40 - 50 minutes,Never,1,2,3,4,Yes,Yes,No
00603,5,2,151.0,I don't regularly exercise,Over an hour,Sometime,1,3,2,4,Yes,Yes,Not sure
99271,5,3,140.0,I don't regularly exercise,Over an hour,Sometime,1,3,2,4,No,Yes,No
23997,5,10,165.0,5 to 7 days a week,Over an hour,Always,2,4,3,1,Yes,Yes,No
12470,5,1,137.0,Once a week,Over an hour,Sometime,2,1,4,3,Yes,Yes,Not sure
10165,5,8,145.0,Once a week,Over an hour,Not too often,2,1,3,4,Yes,Yes,Not sure
02866,5,5,130.0,5 to 7 days a week,Over an hour,Never,3,4,1,2,Yes,Yes,No
68191,5,7,148.0,2 to 4 days a week,Over an hour,Sometime,3,4,2,1,No,Yes,Not sure
96951,5,9,150.0,5 to 7 days a week,Over an hour,Sometime,2,3,1,4,Yes,Yes,No
12374,5,9,150.0,I don't regularly exercise,30 - 40 minutes,Sometime,2,1,3,4,Yes,Yes,No
13794,5,2,160.0,Once a week,40 - 50 minutes,Never,2,1,4,3,Yes,Yes,No
05809,5,6,170.0,Once a week,Over an hour,Sometime,1,2,3,4,Yes,Yes,No
23775,6,2,173.0,5 to 7 days a week,Over an hour,Sometime,1,3,2,4,Yes,Yes,Yes
13503,5,6,101.0,I don't regularly exercise,10 - 20 minutes,Never,1,2,3,4,No,Yes,No
00520,6,0,155.0,5 to 7 days a week,30 - 40 minutes,Sometime,4,2,1,3,Yes,Yes,Not sure
96427,5,8,152.0,5 to 7 days a week,40 - 50 minutes,Sometime,3,2,1,4,Yes,Yes,No
95525,5,7,171.0,I don't regularly exercise,10 - 20 minutes,Never,1,4,3,2,Yes,No,Yes
14717,5,8,122.0,2 to 4 days a week,Over an hour,Sometime,4,3,2,1,No,Yes,No
15153,5,3,115.0,I don't regularly exercise,Over an hour,Always,1,3,4,2,Yes,Yes,No
17782,5,4,171.0,Once a week,40 - 50 minutes,Not too often,4,1,3,2,Yes,No,No
00517,5,9,115.0,Once a week,30 - 40 minutes,Sometime,3,4,2,1,Yes,Yes,No
97025,5,0,130.0,I don't regularly exercise,10 - 20 minutes,Never,1,3,2,4,No,Yes,No
03112,6,2,165.0,5 to 7 days a week,Over an hour,Often,1,3,2,4,Yes,Yes,Yes
01633,5,0,113.0,Once a week,Over an hour,Often,4,3,2,1,Yes,Yes,No
04522,5,11,164.0,5 to 7 days a week,Over an hour,Always,1,3,2,4,Yes,Yes,No
99506,6,3,180.0,5 to 7 days a week,30 - 40 minutes,Often,3,1,2,4,Yes,Yes,No
16822,5,0,120.0,Once a week,40 - 50 minutes,Sometime,1,2,3,4,Yes,Yes,No
96603,5,4,115.0,Once a week,30 - 40 minutes,Sometime,4,3,2,1,Yes,Yes,No
15277,5,6,130.0,I don't regularly exercise,40 - 50 minutes,Not too often,4,3,1,2,Yes,Yes,No
23210,5,10,170.0,2 to 4 days a week,30 - 40 minutes,Always,3,1,2,4,Yes,Yes,Yes
04527,5,7,135.0,2 to 4 days a week,40 - 50 minutes,Sometime,1,3,2,4,Yes,Yes,No
14412,5,1,115.0,2 to 4 days a week,30 - 40 minutes,Sometime,2,1,3,4,Yes,Yes,No
11126,5,4,160.0,Once a week,Over an hour,Often,1,2,3,4,Yes,Yes,Yes
07117,5,4,108.0,5 to 7 days a week,20 - 30 minutes,Sometime,1,2,3,4,Yes,Yes,No
16161,5,4,135.0,2 to 4 days a week,Over an hour,Often,3,1,2,4,Yes,Yes,No
22869,5,7,150.0,5 to 7 days a week,Over an hour,Never,1,3,2,4,Yes,Yes,No
05894,5,4,122.0,2 to 4 days a week,Over an hour,Often,2,1,3,4,Yes,Yes,No
01426,6,1,175.0,2 to 4 days a week,Over an hour,Often,2,4,1,3,Yes,Yes,No
00035,5,3,177.0,2 to 4 days a week,Over an hour,Often,4,2,3,1,Yes,Yes,Yes
22523,5,7,140.0,5 to 7 days a week,Over an hour,Sometime,1,2,3,4,Yes,Yes,Yes
01212,5,8,190.0,5 to 7 days a week,Over an hour,Sometime,1,2,3,4,Yes,Yes,Yes
59808,5,2,120.0,2 to 4 days a week,Over an hour,Sometime,2,1,4,3,Yes,Yes,No
28075,5,10,195.0,I don't regularly exercise,40 - 50 minutes,Not too often,4,3,2,1,Yes,Yes,Yes
11405,6,2,182.0,2 to 4 days a week,Over an hour,Often,3,2,1,4,Yes,Yes,Yes
97266,5,7,173.0,5 to 7 days a week,40 - 50 minutes,Often,1,4,3,2,Yes,Yes,No
46033,5,11,145.0,5 to 7 days a week,Over an hour,Often,4,1,2,3,Yes,Yes,No
59843,5,6,140.0,Once a week,20 - 30 minutes,Sometime,1,2,3,4,Yes,Yes,Yes
56049,6,1,162.0,5 to 7 days a week,40 - 50 minutes,Often,3,2,1,4,Yes,Yes,No
82042,4,11,100.0,I don't regularly exercise,10 - 20 minutes,Sometime,1,2,3,4,Yes,Yes,Not sure
94292,5,3,128.0,I don't regularly exercise,20 - 30 minutes,Often,3,1,2,4,Yes,Yes,Not sure
78408,5,3,132.0,2 to 4 days a week,20 - 30 minutes,Often,2,3,1,4,Yes,Yes,No
54379,6,1,190.0,I don't regularly exercise,Over an hour,Not too often,2,1,3,4,No,Yes,No
04141,5,9,170.0,I don't regularly exercise,Over an hour,Often,3,1,2,4,Yes,Yes,No
69506,5,4,135.0,2 to 4 days a week,30 - 40 minutes,Often,1,2,3,4,No,Yes,No
67720,5,1,165.0,Once a week,10 - 20 minutes,Often,2,4,1,3,Yes,Yes,Not sure
70171,5,2,158.0,5 to 7 days a week,20 - 30 minutes,Often,1,4,3,2,Yes,Yes,Yes
09320,5,2,123.0,2 to 4 days a week,Over an hour,Always,2,3,1,4,Yes,Yes,No
10184,6,0,160.0,2 to 4 days a week,Over an hour,Not too often,3,1,2,4,Yes,Yes,No
77700,5,8,150.0,I don't regularly exercise,Over an hour,Not too often,3,1,4,2,Yes,Yes,No
43909,5,10,145.0,Once a week,20 - 30 minutes,Never,2,1,3,4,Yes,Yes,No
78637,5,9,180.0,Once a week,30 - 40 minutes,Often,3,2,1,4,Yes,Yes,No
88824,4,10,100.0,I don't regularly exercise,30 - 40 minutes,Sometime,2,1,4,3,Yes,Yes,No
52599,5,11,154.0,Once a week,Over an hour,Sometime,1,2,3,4,Yes,Yes,No
87363,5,2,150.0,2 to 4 days a week,40 - 50 minutes,Sometime,2,4,3,1,Yes,Yes,No
02637,5,4,175.0,5 to 7 days a week,Over an hour,Sometime,3,1,2,4,Yes,Yes,Yes
49245,5,6,135.0,Once a week,30 - 40 minutes,Not too often,2,1,4,3,Yes,Yes,Not sure
00744,6,2,200.0,2 to 4 days a week,40 - 50 minutes,Not too often,4,2,1,3,Yes,Yes,Yes
39059,5,3,100.0,I don't regularly exercise,30 - 40 minutes,Often,4,3,2,1,Yes,Yes,No
12227,5,10,135.0,Once a week,20 - 30 minutes,Not too often,1,3,4,2,Yes,Yes,No
54709,6,1,160.0,2 to 4 days a week,40 - 50 minutes,Sometime,1,3,2,4,Yes,Yes,No
44606,5,3,110.0,I don't regularly exercise,30 - 40 minutes,Not too often,2,1,3,4,Yes,No,No
36927,5,6,155.0,5 to 7 days a week,Over an hour,Always,3,2,1,4,Yes,Yes,Yes
31758,5,10,188.0,2 to 4 days a week,40 - 50 minutes,Always,3,2,1,4,Yes,Yes,Yes
45808,5,9,163.0,I don't regularly exercise,30 - 40 minutes,Often,3,1,2,4,Yes,Yes,No
88689,5,6,160.0,2 to 4 days a week,Over an hour,Sometime,1,3,2,4,Yes,Yes,Not sure
61199,5,10,180.0,2 to 4 days a week,30 - 40 minutes,Sometime,2,3,1,4,Yes,Yes,Yes
80485,6,0,155.0,5 to 7 days a week,40 - 50 minutes,Not too often,4,2,3,1,Yes,Yes,No
36005,5,4,123.0,2 to 4 days a week,30 - 40 minutes,Sometime,1,2,3,4,Yes,Yes,No
11134,5,3,110.0,I don't regularly exercise,10 - 20 minutes,Not too often,2,1,3,4,No,Yes,No
86264,5,6,174.0,I don't regularly exercise,10 - 20 minutes,Sometime,2,1,4,3,Yes,Yes,No
91693,5,11,160.0,2 to 4 days a week,30 - 40 minutes,Sometime,2,1,3,4,No,Yes,No
72538,5,1,120.0,Once a week,20 - 30 minutes,Often,2,1,3,4,Yes,Yes,No
32534,5,5,135.0,I don't regularly exercise,10 - 20 minutes,Not too often,2,1,4,3,Yes,No,No
74489,5,5,120.0,2 to 4 days a week,30 - 40 minutes,Often,3,1,2,4,Yes,Yes,No
11427,5,11,135.0,2 to 4 days a week,40 - 50 minutes,Never,1,2,4,3,No,No,Yes
57972,5,4,123.0,I don't regularly exercise,10 - 20 minutes,Never,1,3,4,2,Yes,No,No
36993,5,6,108.0,Once a week,10 - 20 minutes,Never,2,1,4,3,Yes,No,No
34638,5,6,125.0,2 to 4 days a week,30 - 40 minutes,Often,1,3,2,4,Yes,Yes,No
01931,5,2,110.0,Once a week,10 - 20 minutes,Sometime,1,2,4,3,No,Yes,Not sure
59557,5,10,155.0,Once a week,Over an hour,Not too often,3,1,4,2,Yes,Yes,No
05186,5,7,140.0,2 to 4 days a week,30 - 40 minutes,Never,1,2,3,4,Yes,Yes,No
20129,5,5,130.0,2 to 4 days a week,30 - 40 minutes,Sometime,3,4,2,1,Yes,Yes,No
62114,5,9,174.0,2 to 4 days a week,Over an hour,Always,3,1,2,4,Yes,Yes,No
12344,5,9,150.0,2 to 4 days a week,20 - 30 minutes,Sometime,3,1,2,4,Yes,Yes,No
07163,5,6,135.0,5 to 7 days a week,Over an hour,Sometime,2,1,3,4,Yes,Yes,No
03397,5,2,115.0,Once a week,20 - 30 minutes,Sometime,1,3,2,4,Yes,Yes,No
58330,5,2,130.0,2 to 4 days a week,40 - 50 minutes,Often,1,3,2,4,Yes,Yes,No
51046,6,2,194.0,5 to 7 days a week,Over an hour,Often,4,2,1,3,Yes,Yes,No
19629,5,3,102.0,I don't regularly exercise,20 - 30 minutes,Not too often,1,3,2,4,Yes,Yes,No
62572,5,7,160.0,2 to 4 days a week,40 - 50 minutes,Often,4,3,2,1,Yes,Yes,Not sure
20395,5,11,137.0,2 to 4 days a week,Over an hour,Sometime,4,3,2,1,Yes,Yes,No
86759,5,4,135.0,2 to 4 days a week,Over an hour,Often,2,3,4,1,Yes,Yes,No
07779,5,10,108.0,2 to 4 days a week,40 - 50 minutes,Sometime,4,1,3,2,Yes,Yes,No
29640,5,11,148.0,2 to 4 days a week,20 - 30 minutes,Often,1,3,2,4,Yes,Yes,Not sure
33426,5,4,100.0,2 to 4 days a week,20 - 30 minutes,Often,1,2,4,3,Yes,Yes,Not sure
47843,5,7,130.0,2 to 4 days a week,Over an hour,Often,2,1,3,4,Yes,Yes,No
07111,6,0,180.0,5 to 7 days a week,Over an hour,Not too often,2,1,3,4,No,Yes,No
62493,5,3,130.0,I don't regularly exercise,20 - 30 minutes,Sometime,2,1,4,3,Yes,Yes,No
18250,5,4,155.0,2 - 4 days a week,30 - 40 minutes,Often,1,3,2,4,Yes,Yes,Yes
41394,4,11,160.0,I don't regularly exercise,20 - 30 minutes,Sometime,2,1,3,4,Yes,Yes,Not sure
69673,5,8,170.0,5 - 7 days a week,Over an hour,Sometime,1,4,3,2,Yes,Yes,Yes
49165,5,2,118.0,5 - 7 days a week,Over an hour,Sometime,3,2,1,4,Yes,Yes,No
99338,5,7,127.0,5 - 7 days a week,40 - 50 minutes,Always,3,1,4,2,Yes,Yes,Yes
41211,5,6,129.0,2 - 4 days a week,40 - 50 minutes,Sometime,1,2,4,3,Yes,Yes,No
54082,5,10,121.4,2 - 4 days a week,30 - 40 minutes,Not too often,4,3,2,1,Yes,No,No
55177,6,2,165.0,2 - 4 days a week,Over an hour,Not too often,1,2,3,4,Yes,Yes,No
76281,5,7,115.0,Once a week,30 - 40 minutes,Often,4,3,2,1,No,Yes,No
38680,5,11,170.0,5 - 7 days a week,Over an hour,Often,1,2,3,4,Yes,Yes,No
49537,5,0,135.0,I don't regularly exercise,40 - 50 minutes,Sometime,1,4,2,3,Yes,Yes,No
34192,5,3,101.0,2 - 4 days a week,Over an hour,Always,2,4,3,1,Yes,Yes,No
96656,5,5,160.0,5 - 7 days a week,40 - 50 minutes,Often,2,1,3,4,Yes,Yes,No
53894,5,7,163.0,I don't regularly exercise,30 - 40 minutes,Always,3,2,1,4,Yes,Yes,Yes
50711,5,7,140.0,I don't regularly exercise,40 - 50 minutes,Never,2,1,4,3,Yes,Yes,No
62738,6,2,180.0,2 - 4 days a week,40 - 50 minutes,Sometime,3,4,2,1,Yes,Yes,No
94101,5,2,114.0,I don't regularly exercise,Over an hour,Sometime,4,1,2,3,Yes,Yes,No
56187,5,8,180.0,Once a week,Over an hour,Not too often,3,4,1,2,Yes,Yes,Not sure
86759,5,4,122.8,2 - 4 days a week,40 - 50 minutes,Sometime,1,2,3,4,Yes,Yes,No
09127,4,9,90.0,2 - 4 days a week,Over an hour,Sometime,3,2,4,1,Yes,Yes,Not sure
27005,5,7,140.0,Once a week,20 - 30 minutes,Sometime,4,3,2,1,Yes,Yes,Not sure
22245,4,11,108.9,I don't regularly exercise,10 - 20 minutes,Often,1,2,3,4,Yes,Yes,Not sure
88507,5,11,174.0,Once a week,40 - 50 minutes,Often,3,2,4,1,Yes,Yes,No
55708,5,9,145.0,2 - 4 days a week,30 - 40 minutes,Often,4,2,3,1,Yes,Yes,No
43382,5,4,160.0,Once a week,20 - 30 minutes,Never,1,2,3,4,No,Yes,No
45541,5,8,160.0,2 - 4 days a week,30 - 40 minutes,Not too often,3,4,2,1,Yes,Yes,Not sure
10649,5,5,150.0,2 - 4 days a week,Over an hour,Often,3,1,4,2,Yes,Yes,No
30405,5,7,130.0,2 - 4 days a week,30 - 40 minutes,Sometime,4,3,2,1,Yes,Yes,No
85824,5,3,136.0,2 - 4 days a week,20 - 30 minutes,Often,2,3,1,4,Yes,Yes,No
61702,5,1,110.0,I don't regularly exercise,40 - 50 minutes,Often,4,3,2,1,Yes,Yes,No
61878,5,9,180.0,Once a week,10 - 20 minutes,Sometime,3,1,2,4,Yes,Yes,Not sure
53894,5,7,163.0,5 - 7 days a week,30 - 40 minutes,Always,3,2,1,4,Yes,Yes,Yes
34011,5,1,145.0,2 - 4 days a week,40 - 50 minutes,Often,1,3,2,4,Yes,Yes,No
84055,5,10,171.0,Once a week,Over an hour,Always,3,2,1,4,Yes,Yes,No
22667,5,8,168.0,2 - 4 days a week,40 - 50 minutes,Not too often,4,3,2,1,Yes,Yes,Not sure
44438,5,2,140.0,Once a week,20 - 30 minutes,Not too often,2,1,4,3,No,Yes,No
09599,5,5,150.0,2 - 4 days a week,40 - 50 minutes,Always,3,2,4,1,Yes,Yes,Yes
42876,5,6,130.0,I don't regularly exercise,20 - 30 minutes,Never,1,3,4,2,Yes,Yes,No
61546,6,3,150.0,2 - 4 days a week,Over an hour,Sometime,4,3,1,2,Yes,Yes,Yes
46327,5,5,185.0,I don't regularly exercise,Over an hour,Sometime,3,4,2,1,Yes,Yes,No
46327,5,5,185.0,I don't regularly exercise,Over an hour,Sometime,3,4,2,1,Yes,Yes,No
49163,5,7,170.0,2 - 4 days a week,30 - 40 minutes,Sometime,3,2,1,4,Yes,Yes,No
88072,6,1,198.0,Once a week,20 - 30 minutes,Often,3,4,2,1,Yes,Yes,Yes
14864,5,1,130.0,I don't regularly exercise,10 - 20 minutes,Not too often,1,3,4,2,Yes,Yes,No
79589,5,9,188.0,5 - 7 days a week,Over an hour,Sometime,1,3,2,4,Yes,Yes,Not sure
74019,5,9,180.0,Once a week,20 - 30 minutes,Sometime,1,4,3,2,Yes,Yes,No
59824,5,3,121.2,Once a week,40 - 50 minutes,Often,2,1,3,4,Yes,Yes,No
38171,5,8,160.0,2 - 4 days a week,40 - 50 minutes,Always,1,2,3,4,Yes,Yes,Not sure
27233,5,7,145.0,I don't regularly exercise,10 - 20 minutes,Not too often,4,3,1,2,Yes,Yes,No
46289,6,0,170.0,I don't regularly exercise,10 - 20 minutes,Never,1,2,4,3,Yes,No,No
55222,5,4,138.0,2 - 4 days a week,30 - 40 minutes,Not too often,3,1,2,4,Yes,Yes,No
59171,5,3,117.0,I don't regularly exercise,40 - 50 minutes,Often,1,4,2,3,Yes,Yes,No
85031,5,3,120.0,I don't regularly exercise,10 - 20 minutes,Always,2,3,4,1,Yes,Yes,No
57060,6,0,180.0,2 - 4 days a week,30 - 40 minutes,Often,3,4,1,2,Yes,Yes,No
46164,6,0,160.0,5 - 7 days a week,Over an hour,Sometime,2,3,1,4,Yes,Yes,Yes
30288,5,10,170.0,2 - 4 days a week,Over an hour,Always,2,3,4,1,Yes,Yes,Yes
60450,5,7,150.0,2 - 4 days a week,40 - 50 minutes,Never,2,3,1,4,Yes,Yes,No
50711,5,7,135.0,I don't regularly exercise,40 - 50 minutes,Never,1,2,4,3,Yes,Yes,No
09666,5,3,145.0,Once a week,20 - 30 minutes,Not too often,4,3,2,1,Yes,Yes,No
63791,5,2,125.0,I don't regularly exercise,20 - 30 minutes,Sometime,4,3,2,1,Yes,Yes,No
08784,4,10,125.0,I don't regularly exercise,10 - 20 minutes,Not too often,4,1,2,3,No,Yes,No
29030,5,1,110.0,Once a week,Over an hour,Sometime,1,2,4,3,Yes,Yes,Not sure
27364,5,1,135.0,Once a week,Over an hour,Not too often,2,1,4,3,Yes,Yes,Yes
53412,6,1,190.0,2 - 4 days a week,30 - 40 minutes,Not too often,4,1,2,3,Yes,Yes,Yes
38479,5,10,175.0,5 - 7 days a week,Over an hour,Often,1,2,3,4,Yes,Yes,No
90387,5,11,190.0,I don't regularly exercise,10 - 20 minutes,Often,4,3,1,2,Yes,Yes,No
94101,5,2,113.0,I don't regularly exercise,Over an hour,Not too often,4,1,2,3,Yes,Yes,No
49402,5,10,185.0,2 - 4 days a week,40 - 50 minutes,Always,1,4,3,2,Yes,Yes,No
37000,5,3,135.0,I don't regularly exercise,40 - 50 minutes,Not too often,3,4,2,1,Yes,Yes,Yes
58301,5,8,145.0,I don't regularly exercise,10 - 20 minutes,Never,1,2,3,4,No,Yes,Not sure
09084,5,7,120.0,I don't regularly exercise,40 - 50 minutes,Never,4,3,2,1,Yes,Yes,No
68518,5,6,200.0,2 - 4 days a week,Over an hour,Always,1,3,2,4,Yes,Yes,No
02341,5,6,175.0,I don't regularly exercise,Over an hour,Not too often,1,3,2,4,Yes,No,Yes
28346,6,0,190.0,5 - 7 days a week,Over an hour,Always,2,4,1,3,Yes,Yes,Yes
14972,5,10,180.0,Once a week,Over an hour,Always,1,2,3,4,No,Yes,No
36927,5,6,155.0,5 - 7 days a week,Over an hour,Always,4,3,1,2,Yes,Yes,Yes
13637,5,8,180.0,2 - 4 days a week,30 - 40 minutes,Sometime,3,4,2,1,Yes,Yes,Not sure
51135,5,8,144.0,2 - 4 days a week,Over an hour,Sometime,4,1,3,2,Yes,Yes,Not sure
51135,5,8,144.0,2 - 4 days a week,Over an hour,Sometime,4,1,3,2,Yes,Yes,Not sure
05702,5,0,110.0,2 - 4 days a week,20 - 30 minutes,Sometime,4,3,2,1,Yes,Yes,No
08986,4,11,89.0,Once a week,10 - 20 minutes,Not too often,1,2,3,4,Yes,Yes,No
28160,5,5,140.0,2 - 4 days a week,Over an hour,Always,3,2,4,1,Yes,Yes,Yes
01878,5,9,143.3,Once a week,10 - 20 minutes,Never,2,1,3,4,Yes,Yes,No
12276,5,6,128.0,2 - 4 days a week,Over an hour,Never,2,1,3,4,Yes,Yes,No
86369,5,1,124.0,Once a week,10 - 20 minutes,Often,2,4,1,3,Yes,Yes,No
93870,5,8,140.0,2 - 4 days a week,40 - 50 minutes,Often,4,2,3,1,Yes,Yes,No
08800,5,6,174.0,Once a week,30 - 40 minutes,Often,2,1,3,4,Yes,Yes,Yes
64706,4,11,115.0,5 - 7 days a week,30 - 40 minutes,Often,4,2,3,1,Yes,Yes,Not sure
13859,5,6,140.0,2 - 4 days a week,40 - 50 minutes,Always,3,2,1,4,Yes,Yes,No
13915,5,2,100.0,I don't regularly exercise,10 - 20 minutes,Sometime,2,3,1,4,Yes,Yes,No
17128,6,2,168.0,2 - 4 days a week,Over an hour,Often,3,2,1,4,Yes,Yes,Not sure
16317,5,11,180.0,5 - 7 days a week,30 - 40 minutes,Sometime,3,2,1,4,Yes,Yes,No
27005,5,7,138.0,Once a week,20 - 30 minutes,Not too often,1,2,4,3,No,Yes,Not sure
90487,5,7,150.0,2 - 4 days a week,Over an hour,Never,1,3,4,2,Yes,Yes,No
36415,5,10,160.0,I don't regularly exercise,40 - 50 minutes,Not too often,1,3,2,4,Yes,Yes,Not sure
47635,5,8,160.0,Once a week,Over an hour,Often,1,4,2,3,Yes,Yes,No
64396,5,2,110.0,2 - 4 days a week,30 - 40 minutes,Often,3,2,1,4,Yes,Yes,No
36334,6,1,192.0,5 - 7 days a week,Over an hour,Not too often,4,3,2,1,Yes,Yes,No
01993,5,7,143.0,2 - 4 days a week,Over an hour,Not too often,2,1,3,4,Yes,Yes,No
17739,5,5,185.0,5 - 7 days a week,40 - 50 minutes,Sometime,2,1,3,4,Yes,Yes,Yes
28430,5,4,138.7,I don't regularly exercise,20 - 30 minutes,Never,2,1,4,3,No,No,Yes
90869,5,5,175.0,2 - 4 days a week,30 - 40 minutes,Sometime,3,2,1,4,Yes,Yes,No
10020,5,9,160.0,5 - 7 days a week,30 - 40 minutes,Sometime,1,4,3,2,Yes,Yes,No
25565,5,1,110.0,I don't regularly exercise,40 - 50 minutes,Always,1,3,2,4,Yes,Yes,No
10666,5,10,150.0,5 - 7 days a week,Over an hour,Not too often,2,3,4,1,Yes,Yes,Yes
64706,4,11,115.0,5 - 7 days a week,40 - 50 minutes,Often,4,2,3,1,Yes,Yes,Not sure
22164,5,3,145.0,Once a week,20 - 30 minutes,Often,1,3,2,4,Yes,Yes,Not sure
81958,5,9,180.0,2 - 4 days a week,20 - 30 minutes,Not too often,3,1,2,4,Yes,Yes,No
63797,5,2,137.0,2 - 4 days a week,40 - 50 minutes,Sometime,1,2,4,3,Yes,Yes,No
09137,5,7,165.0,5 - 7 days a week,Over an hour,Often,4,3,2,1,Yes,Yes,No
33252,5,9,153.0,I don't regularly exercise,40 - 50 minutes,Never,1,2,3,4,No,Yes,No
89827,5,5,130.0,5 - 7 days a week,20 - 30 minutes,Always,1,3,2,4,Yes,Yes,Yes
98740,6,1,168.0,2 - 4 days a week,Over an hour,Sometime,1,3,2,4,Yes,Yes,No
06370,5,7,147.0,2 - 4 days a week,30 - 40 minutes,Sometime,2,4,3,1,Yes,Yes,Yes
45057,5,5,145.0,2 - 4 days a week,20 - 30 minutes,Not too often,3,4,2,1,Yes,Yes,No
76035,5,2,165.0,I don't regularly exercise,40 - 50 minutes,Never,1,4,2,3,Yes,Yes,Not sure
